name,email,phone,education,experience_years,skills
Ephrem Wondimu,ephrem.wondimu@example.com,201.625.4060x8124,Bachelor's in Business,3,"Cybersecurity, Linux, Teaching, Writing, Qualtrics, Python, English Translation, Communication, Networking, Git, Atlas.ti, QuickBooks, Scikit-learn, Java, Data Analysis"
Yonas Kebede,yonas.kebede@example.com,759.914.2005,Bachelor's in Business,15,"Leadership, Amharic Translation, Tax Preparation, Teamwork, Interviewing, Research, Flask, EViews, Networking, CCNA"
Selam Berhanu,selam.berhanu@example.com,970-829-8365x533,Bachelor's in Business,14,"Machine Learning, Cisco, Sales, Git, Customer Service, Java, Microsoft Office, Teamwork, English, Communication, Research, Tax Preparation, Data Analysis"
Tsion Mekonnen,tsion.mekonnen@example.com,(371)971-9595x69744,Diploma in IT,0,"NVivo, PyTorch, Statistics, Atlas.ti, Financial Reporting, Tigrinya, Excel"
Yonas Demeke,yonas.demeke@example.com,872.290.4436x71661,Bachelor's in Computer Science,0,"Tax Preparation, Amharic, Django, Content Analysis, Qualitative Analysis, Qualtrics, Afar, SQL, Stata, Survey Design"
Yonas Berhanu,yonas.berhanu@example.com,481-286-4588x92225,Diploma in IT,2,"Marketing, Atlas.ti, Machine Learning, Sales, Leadership, Oracle, English Translation"
Henok Berhanu,henok.berhanu@example.com,(829)401-7242x8388,Bachelor's in Computer Science,8,"Git, EViews, Afar, HTML, English Translation, Oracle"
Yonas Berhanu,yonas.berhanu@example.com,227.596.3457,Bachelor's in Computer Science,15,"Data Analysis, SQL, Statistics, Cybersecurity, NumPy"
Betelhem Berhanu,betelhem.berhanu@example.com,001-450-620-2354x7817,Bachelor's in Computer Science,6,"Docker, Qualitative Analysis, Data Analysis, Linux, Java, SPSS, NVivo, Machine Learning, QuickBooks"
Biruk Alemu,biruk.alemu@example.com,649-800-5804x91928,Diploma in IT,13,"Economics, HTML, JavaScript, Content Analysis, Afar"
Betelhem Demeke,betelhem.demeke@example.com,462-588-2407,Bachelor's in Business,2,"Statistics, Auditing, Flask, Networking, Qualitative Analysis, Customer Service, AWS, CSS, Pandas, QuickBooks, Oromo"
Meron Tesfaye,meron.tesfaye@example.com,918-906-6405x9033,Bachelor's in Business,1,"Scikit-learn, Research, Auditing, Atlas.ti, R, Somali, Oracle, Sales, Teaching, EViews, PyTorch, Focus Groups, Tigrinya"
Henok Wondimu,henok.wondimu@example.com,(388)264-5963x19075,Diploma in IT,12,"SQL, Tigrinya, Docker, Python, Django, HTML, Marketing, Oracle, Atlas.ti, Excel, PyTorch, Focus Groups, Teamwork, Afar"
Selam Wondimu,selam.wondimu@example.com,+1-836-331-0532x1905,Master's in Engineering,2,"Pandas, Git, Stata, Survey Design, Communication"
Tsion Tesfaye,tsion.tesfaye@example.com,+1-394-878-6994x0640,Diploma in IT,7,"Accounting, Research, Django, QuickBooks, NVivo, PyTorch, HTML, Scikit-learn"
Ephrem Mekonnen,ephrem.mekonnen@example.com,780.958.1338,Master's in Engineering,7,"Linux, Sales, Pandas, Qualtrics, SPSS, English Translation, Java"
Selam Tadesse,selam.tadesse@example.com,842.980.8302x131,Diploma in IT,0,"Focus Groups, Qualtrics, Somali, R, SPSS, SAP, Oracle, CCNA, Research"
Yonas Tadesse,yonas.tadesse@example.com,656-653-6646x800,Bachelor's in Computer Science,3,"Django, Sales, Java, CSS, Python, Tax Preparation, NVivo, Teamwork, PyTorch"
Selam Wondimu,selam.wondimu@example.com,7789643480,Bachelor's in Computer Science,10,"Machine Learning, Amharic Translation, Cisco, Atlas.ti, Networking, CSS, Writing, Pandas, Project Management, Data Analysis, Ethical Hacking, Microsoft Office, R"
Tsion Tesfaye,tsion.tesfaye@example.com,573-802-6562,Master's in Engineering,5,"Docker, Marketing, Research, Data Analysis, Cisco, Teamwork"
Betelhem Wondimu,betelhem.wondimu@example.com,+1-668-410-9334x5237,Bachelor's in Computer Science,7,"Pandas, Amharic, QuickBooks, Afar, Excel, Content Analysis"
Ephrem Mekonnen,ephrem.mekonnen@example.com,6124244242,Diploma in IT,15,"Java, Amharic Translation, Git, AWS, Survey Design, NumPy, Flask, English, Leadership"
Abebe Tesfaye,abebe.tesfaye@example.com,594.538.8163x60114,Master's in Engineering,5,"SPSS, Tax Preparation, Scikit-learn, Leadership, Microsoft Office, Economics, Oromo, Django, Survey Design, Flask, Auditing, EViews"
Betelhem Demeke,betelhem.demeke@example.com,832-420-9717,Bachelor's in Business,5,"Stata, Survey Design, Tax Preparation, Auditing, Pandas, CCNA, Somali, Qualitative Analysis, Oracle, Amharic, NumPy, Cisco, Excel"
Meron Gebre,meron.gebre@example.com,357-774-1395,Diploma in IT,2,"SPSS, QuickBooks, Pandas, HTML, Customer Service, Amharic, Stata, Cisco, Python, SAP, Excel, Oromo"
Tsion Tesfaye,tsion.tesfaye@example.com,001-321-422-8443x8718,Bachelor's in Business,5,"PyTorch, Excel, CSS, CCNA, Interviewing, Scikit-learn, Tigrinya, NumPy, NVivo, Content Analysis"
Meron Tesfaye,meron.tesfaye@example.com,749.282.0440,Diploma in IT,2,"Microsoft Office, English, Ethical Hacking, Pandas, Amharic Translation, SQL, English Translation"
Meron Tesfaye,meron.tesfaye@example.com,+1-563-595-9222,Diploma in IT,12,"Atlas.ti, Research, Machine Learning, Django, Interviewing, Excel, Python, SAP, JavaScript"
Ephrem Hailu,ephrem.hailu@example.com,727-530-8183x1902,Master's in Engineering,12,"Somali, Teamwork, Content Analysis, Financial Reporting, SQL, Excel, CCNA, Oromo"
Biruk Tesfaye,biruk.tesfaye@example.com,587.580.9952x222,Master's in Engineering,2,"NVivo, Linux, Pandas, Atlas.ti, EViews"
Tsion Demeke,tsion.demeke@example.com,+1-225-289-6925x873,Bachelor's in Computer Science,2,"Qualtrics, Focus Groups, QuickBooks, Flask, Pandas"
Biruk Kebede,biruk.kebede@example.com,001-581-514-2021x7982,Master's in Engineering,8,"Customer Service, Interviewing, Amharic, Pandas, Cisco, Afar"
Yonas Berhanu,yonas.berhanu@example.com,770-685-7768,Bachelor's in Business,1,"Oracle, Statistics, Customer Service, Cisco, Data Analysis, Survey Design, Afar, Python, Oromo, CCNA, Amharic Translation"
Meron Tesfaye,meron.tesfaye@example.com,9268309343,Bachelor's in Computer Science,4,"Focus Groups, Pandas, English Translation, NVivo, Auditing, Docker, Accounting, Financial Reporting, EViews"
Henok Alemu,henok.alemu@example.com,001-585-638-2068x8009,Diploma in IT,6,"JavaScript, SAP, CCNA, Tigrinya, HTML"
Henok Wondimu,henok.wondimu@example.com,8982555244,Bachelor's in Business,15,"Cisco, PyTorch, Leadership, Financial Reporting, CSS, SAP, Teamwork, Customer Service, Somali, Git, Pandas, Linux, Oracle, Communication"
Betelhem Wondimu,betelhem.wondimu@example.com,001-886-283-2219x58412,Bachelor's in Business,14,"Cisco, CCNA, Research, Stata, Java, SAP, Accounting, Project Management, PyTorch, Communication, Qualitative Analysis, Git, Data Analysis"
Henok Alemu,henok.alemu@example.com,356-822-9241x64154,Diploma in IT,3,"English Translation, Stata, Focus Groups, Somali, Data Analysis, HTML, Tigrinya, PyTorch, CSS, NVivo, English, JavaScript, Marketing, Content Analysis, Excel"
Ephrem Berhanu,ephrem.berhanu@example.com,559-360-3824x99548,Master's in Engineering,0,"Research, Machine Learning, Stata, Amharic Translation, TensorFlow"
Almaz Wondimu,almaz.wondimu@example.com,(797)399-0289,Master's in Engineering,4,"NVivo, Focus Groups, Java, Customer Service, Qualtrics, Content Analysis, Survey Design, Docker, Interviewing, AWS, Cisco, TensorFlow"
Betelhem Berhanu,betelhem.berhanu@example.com,896-889-6165,Bachelor's in Computer Science,13,"Economics, English, Marketing, Linux, Docker"
Ephrem Berhanu,ephrem.berhanu@example.com,638.817.0532,Diploma in IT,12,"Amharic, Communication, Content Analysis, Machine Learning, Atlas.ti, Networking"
Henok Kebede,henok.kebede@example.com,449.426.8997x454,Master's in Engineering,2,"Tigrinya, Auditing, Focus Groups, Interviewing, Qualtrics, Survey Design, SAP, Marketing, Docker, Leadership, EViews, NVivo, Cybersecurity"
Abebe Berhanu,abebe.berhanu@example.com,715-911-9726x5781,Bachelor's in Computer Science,9,"Tigrinya, Leadership, Stata, Git, Django"
Henok Demeke,henok.demeke@example.com,+1-699-972-7188x6700,Bachelor's in Computer Science,13,"CSS, English Translation, CCNA, Research, Java, Networking, QuickBooks, Tax Preparation"
Meron Tadesse,meron.tadesse@example.com,760-332-7967x286,Diploma in IT,15,"Teaching, Amharic, Machine Learning, Accounting, English, SAP, Excel"
Yonas Mekonnen,yonas.mekonnen@example.com,7437373492,Bachelor's in Business,7,"Flask, Accounting, Pandas, R, Java, Focus Groups, English, Research, Financial Reporting, Stata, TensorFlow"
Abebe Hailu,abebe.hailu@example.com,+1-912-719-2531,Bachelor's in Business,4,"Cybersecurity, Economics, SPSS, NVivo, Amharic Translation, Tigrinya"
Almaz Hailu,almaz.hailu@example.com,(915)222-8153x9046,Diploma in IT,13,"Afar, Pandas, Survey Design, Oromo, Atlas.ti, Economics, English, SQL, Teaching, Tax Preparation, SPSS, Flask, Somali, Sales"
Yonas Berhanu,yonas.berhanu@example.com,871-816-7359x05166,Bachelor's in Business,1,"Teaching, QuickBooks, Cisco, Amharic, Afar, Customer Service, Cybersecurity, Django, Oracle, PyTorch, Git"
Selam Tesfaye,selam.tesfaye@example.com,(235)474-4428,Diploma in IT,8,"Auditing, CSS, Amharic, Cybersecurity, Stata, Sales, Tigrinya, Focus Groups, HTML, Customer Service, Cisco, Marketing, Leadership, Project Management"
Abebe Tesfaye,abebe.tesfaye@example.com,301.874.4520,Master's in Engineering,12,"Statistics, Project Management, HTML, Customer Service, Tax Preparation"
Ephrem Gebre,ephrem.gebre@example.com,906.953.6275,Master's in Engineering,6,"Excel, Docker, Atlas.ti, Qualitative Analysis, Django"
Abebe Demeke,abebe.demeke@example.com,(714)372-5263x6265,Diploma in IT,8,"Cybersecurity, Python, Accounting, Statistics, Oromo, Focus Groups"
Abebe Mekonnen,abebe.mekonnen@example.com,(652)366-4577x774,Bachelor's in Business,12,"JavaScript, Docker, Data Analysis, Writing, Tax Preparation"
Abebe Gebre,abebe.gebre@example.com,799.678.1108x465,Bachelor's in Business,13,"Java, PyTorch, Amharic Translation, Python, Linux, SPSS"
Biruk Gebre,biruk.gebre@example.com,882.870.7069x0044,Master's in Engineering,9,"Afar, Auditing, Communication, Atlas.ti, CCNA, Linux, Marketing, Amharic Translation, Cybersecurity"
Selam Mekonnen,selam.mekonnen@example.com,+1-468-546-1192x0061,Master's in Engineering,14,"Data Analysis, SPSS, Afar, Qualitative Analysis, Oromo, Economics, Cybersecurity, Writing, TensorFlow, Communication"
Almaz Mekonnen,almaz.mekonnen@example.com,(864)877-6541,Master's in Engineering,7,"Teamwork, HTML, Java, Accounting, Microsoft Office, English Translation, Data Analysis, EViews, Pandas, Networking, Amharic, Focus Groups, Oromo"
Henok Wondimu,henok.wondimu@example.com,7196938973,Master's in Engineering,6,"Qualtrics, CCNA, Python, Financial Reporting, English, Git, Project Management, Docker"
Betelhem Demeke,betelhem.demeke@example.com,5897246214,Master's in Engineering,6,"Research, Interviewing, TensorFlow, SQL, Qualtrics, Economics, Marketing, NVivo, Communication, Survey Design, Oracle, Networking, QuickBooks, R, Focus Groups"
Selam Tesfaye,selam.tesfaye@example.com,(215)371-6938x2399,Bachelor's in Computer Science,4,"Marketing, R, Atlas.ti, Data Analysis, Customer Service, CCNA, Qualtrics, NumPy, Project Management, CSS, SAP, Oracle, Qualitative Analysis, Content Analysis"
Ephrem Berhanu,ephrem.berhanu@example.com,001-922-330-8856x24508,Diploma in IT,0,"Linux, Tigrinya, Cisco, AWS, Flask, Qualitative Analysis, HTML, Django, TensorFlow, NVivo, Networking, Interviewing"
Yonas Tadesse,yonas.tadesse@example.com,001-338-225-5595x16463,Bachelor's in Computer Science,4,"Django, Oracle, Amharic Translation, TensorFlow, Cybersecurity, Leadership, SAP, Financial Reporting"
Tsion Kebede,tsion.kebede@example.com,467.983.5519x8720,Master's in Engineering,9,"Communication, SAP, Marketing, CSS, Data Analysis"
Yonas Demeke,yonas.demeke@example.com,805-559-5071,Bachelor's in Business,11,"R, Git, Flask, Cybersecurity, Atlas.ti, SPSS"
Tsion Gebre,tsion.gebre@example.com,(235)820-2321x8940,Bachelor's in Business,8,"SAP, Amharic, Communication, Customer Service, CCNA, SPSS, Java, Microsoft Office, Leadership, TensorFlow, Stata, Economics, Django, CSS"
Yonas Tadesse,yonas.tadesse@example.com,001-678-886-3834x812,Diploma in IT,14,"Afar, English, Tigrinya, NVivo, Ethical Hacking, QuickBooks, Scikit-learn, Writing, Excel, Java"
Biruk Alemu,biruk.alemu@example.com,630.862.4107,Bachelor's in Business,12,"CSS, NVivo, Research, Python, R, Economics, SPSS, Financial Reporting, QuickBooks, EViews"
Yonas Wondimu,yonas.wondimu@example.com,(296)269-0230,Master's in Engineering,9,"Docker, English, Sales, Atlas.ti, Writing, Stata, Amharic, Customer Service, Python, Project Management, Somali, Content Analysis"
Selam Tadesse,selam.tadesse@example.com,548-388-5717x57902,Master's in Engineering,4,"Research, Ethical Hacking, Git, Teamwork, Tax Preparation, Somali, PyTorch, Qualitative Analysis, Statistics, Teaching, Linux"
Yonas Berhanu,yonas.berhanu@example.com,+1-454-221-1927,Bachelor's in Computer Science,3,"PyTorch, Python, R, Flask, Interviewing, Content Analysis, Focus Groups, Qualitative Analysis, Leadership, Excel, TensorFlow"
Meron Wondimu,meron.wondimu@example.com,6044546522,Diploma in IT,4,"AWS, Auditing, Qualitative Analysis, Cisco, Focus Groups, Docker, SQL, Amharic, Stata, Atlas.ti, TensorFlow"
Henok Wondimu,henok.wondimu@example.com,001-357-295-3980x86887,Master's in Engineering,0,"EViews, Auditing, Java, Financial Reporting, QuickBooks, Linux, Project Management, CSS, TensorFlow, Qualtrics, Leadership"
Selam Kebede,selam.kebede@example.com,001-851-363-3618x1548,Bachelor's in Computer Science,7,"Accounting, Atlas.ti, Auditing, Ethical Hacking, Cisco, NumPy"
Henok Mekonnen,henok.mekonnen@example.com,001-456-990-0320,Diploma in IT,12,"Linux, Excel, Writing, Java, Afar, Qualtrics"
Selam Mekonnen,selam.mekonnen@example.com,001-989-798-8716,Bachelor's in Business,10,"Statistics, Sales, Teaching, Oracle, NVivo, Machine Learning, AWS, Git, CCNA, Amharic Translation, Survey Design, Somali, Accounting"
Almaz Mekonnen,almaz.mekonnen@example.com,298-848-5165,Master's in Engineering,9,"Cybersecurity, Survey Design, Git, Machine Learning, Networking, AWS, Interviewing, Research, Auditing, EViews, Customer Service, Flask"
Yonas Kebede,yonas.kebede@example.com,607-303-5194x5230,Master's in Engineering,12,"Marketing, EViews, Tigrinya, Pandas, Teamwork, TensorFlow, Linux, Networking, Leadership"
Meron Tadesse,meron.tadesse@example.com,+1-403-520-3432x90633,Diploma in IT,11,"Excel, SQL, Ethical Hacking, Oromo, Content Analysis, Marketing, Stata, Statistics, Leadership, Docker, Cybersecurity, Networking"
Abebe Demeke,abebe.demeke@example.com,761.713.4210x19512,Master's in Engineering,1,"Survey Design, Somali, Networking, Amharic, Writing, Amharic Translation, SAP, Machine Learning, Microsoft Office, Atlas.ti"
Ephrem Mekonnen,ephrem.mekonnen@example.com,(978)788-2260,Diploma in IT,15,"CSS, Data Analysis, Microsoft Office, Stata, HTML, Amharic Translation"
Tsion Gebre,tsion.gebre@example.com,751-731-9454,Master's in Engineering,14,"Interviewing, Linux, HTML, NVivo, Focus Groups, QuickBooks, Stata"
Yonas Gebre,yonas.gebre@example.com,968.559.6942x61428,Diploma in IT,4,"Networking, English Translation, Django, JavaScript, Flask, Pandas"
Tsion Wondimu,tsion.wondimu@example.com,6233367593,Diploma in IT,10,"Tax Preparation, QuickBooks, Project Management, Oromo, Oracle, SQL, Scikit-learn, PyTorch, Content Analysis, Data Analysis, Java"
Selam Demeke,selam.demeke@example.com,(943)768-2414x0247,Bachelor's in Computer Science,6,"Afar, Focus Groups, SAP, Teamwork, Linux, Microsoft Office, Qualitative Analysis, Networking, Teaching, Scikit-learn, Oracle, Qualtrics, Tax Preparation, R, Machine Learning"
Henok Berhanu,henok.berhanu@example.com,3453329890,Master's in Engineering,6,"R, Statistics, TensorFlow, Research, Qualitative Analysis, CSS, SQL, Data Analysis, Cisco, Oracle, Cybersecurity, SAP, Marketing, Machine Learning"
Ephrem Tadesse,ephrem.tadesse@example.com,001-896-511-7782x13095,Bachelor's in Business,13,"Economics, Data Analysis, Docker, QuickBooks, Cisco, Statistics, Scikit-learn, Content Analysis, Customer Service, TensorFlow, Git, Excel, Amharic, R"
Betelhem Demeke,betelhem.demeke@example.com,001-359-885-7215x766,Bachelor's in Computer Science,15,"Scikit-learn, Git, SQL, R, Amharic Translation, Ethical Hacking, EViews, Tax Preparation, Atlas.ti, Marketing, Customer Service, Qualitative Analysis"
Almaz Tesfaye,almaz.tesfaye@example.com,(706)685-0311x414,Master's in Engineering,12,"Survey Design, Pandas, TensorFlow, PyTorch, Python, Customer Service, Linux, CCNA, Economics, Cisco, Stata, Cybersecurity"
Meron Kebede,meron.kebede@example.com,001-347-455-5461,Diploma in IT,3,"Java, Tax Preparation, Auditing, Django, JavaScript, Accounting, Docker, SPSS"
Betelhem Berhanu,betelhem.berhanu@example.com,(348)319-3961,Diploma in IT,2,"Statistics, Ethical Hacking, NumPy, Focus Groups, Amharic Translation, English, Qualitative Analysis, TensorFlow"
Tsion Kebede,tsion.kebede@example.com,(423)306-9758,Master's in Engineering,1,"TensorFlow, JavaScript, Git, NumPy, Teaching, Teamwork, AWS, Leadership, Writing, Microsoft Office"
Biruk Gebre,biruk.gebre@example.com,207.269.8382x21947,Diploma in IT,3,"Research, English Translation, NVivo, CCNA, Qualtrics, Excel, Marketing, Amharic, Pandas, AWS, English, Cybersecurity, Teaching, Scikit-learn"
Almaz Wondimu,almaz.wondimu@example.com,4475051610,Bachelor's in Computer Science,15,"Oracle, Survey Design, QuickBooks, Communication, Amharic Translation, Excel, Linux, CCNA, Sales, Java, Pandas, Stata, Focus Groups, Qualtrics, Flask"
Tsion Berhanu,tsion.berhanu@example.com,344-772-0428x658,Bachelor's in Computer Science,7,"Leadership, Financial Reporting, English Translation, Accounting, JavaScript, PyTorch, CCNA, SQL, Writing, Project Management, Java, NVivo"
Ephrem Tesfaye,ephrem.tesfaye@example.com,201.420.6123,Master's in Engineering,14,"Teamwork, Qualitative Analysis, Amharic, Cybersecurity, TensorFlow, SQL"
Biruk Alemu,biruk.alemu@example.com,001-561-518-1673x019,Master's in Engineering,7,"TensorFlow, Writing, NumPy, Financial Reporting, Interviewing, Cisco, Teamwork, Economics, Tigrinya, Docker"
Abebe Wondimu,abebe.wondimu@example.com,541.778.6824,Master's in Engineering,6,"Cybersecurity, Economics, Amharic, PyTorch, SPSS, HTML, Flask, Python"
Almaz Wondimu,almaz.wondimu@example.com,+1-789-873-7933x31784,Master's in Engineering,5,"Tax Preparation, Networking, CSS, Data Analysis, SAP, Git, Afar, English, Accounting, Flask, Excel, Linux, Qualtrics, Focus Groups"
Selam Demeke,selam.demeke@example.com,001-487-860-6596x98851,Master's in Engineering,3,"Git, Teamwork, Marketing, SPSS, Pandas, Atlas.ti"
Betelhem Berhanu,betelhem.berhanu@example.com,314.601.4469,Master's in Engineering,9,"CCNA, Pandas, Somali, English Translation, Flask, PyTorch, Communication"
Tsion Tesfaye,tsion.tesfaye@example.com,+1-224-460-3622,Bachelor's in Computer Science,1,"CCNA, Teamwork, Django, CSS, Cybersecurity, Pandas, Sales, Atlas.ti, SAP, EViews, AWS"
Almaz Wondimu,almaz.wondimu@example.com,466.663.7758x415,Bachelor's in Business,11,"Linux, Stata, Amharic Translation, Accounting, Oracle, JavaScript, Focus Groups, Django, Microsoft Office, Research, Survey Design"
Selam Gebre,selam.gebre@example.com,7029910444,Master's in Engineering,5,"Somali, Data Analysis, Tigrinya, Pandas, NumPy, Machine Learning, R, Teamwork, Economics, Scikit-learn"
Abebe Hailu,abebe.hailu@example.com,001-609-507-7363x2236,Bachelor's in Computer Science,7,"PyTorch, Excel, JavaScript, Teamwork, Tigrinya, QuickBooks"
Selam Berhanu,selam.berhanu@example.com,+1-466-754-9193x24319,Bachelor's in Business,1,"Docker, Microsoft Office, Writing, CCNA, Data Analysis, TensorFlow"
Biruk Mekonnen,biruk.mekonnen@example.com,(652)879-7089x9678,Diploma in IT,15,"English Translation, Oromo, Focus Groups, QuickBooks, Project Management, Flask, Linux, Research"
Tsion Wondimu,tsion.wondimu@example.com,001-315-641-6718x6445,Master's in Engineering,13,"QuickBooks, Leadership, Accounting, Data Analysis, Flask, NVivo, Auditing, Oracle"
Yonas Gebre,yonas.gebre@example.com,+1-699-494-7525x77541,Master's in Engineering,1,"SAP, NVivo, NumPy, Machine Learning, Docker"
Meron Tadesse,meron.tadesse@example.com,350.755.1302x047,Bachelor's in Business,10,"PyTorch, Data Analysis, Microsoft Office, Content Analysis, Cybersecurity, R, Leadership, Tax Preparation, Qualitative Analysis, Ethical Hacking, JavaScript, AWS"
Abebe Alemu,abebe.alemu@example.com,+1-652-672-4596x576,Diploma in IT,10,"Communication, PyTorch, Data Analysis, Linux, JavaScript, CCNA, HTML, Interviewing, SPSS, Project Management, QuickBooks, Qualtrics, Scikit-learn"
Meron Gebre,meron.gebre@example.com,(819)769-3402x67835,Diploma in IT,11,"Amharic, Machine Learning, Ethical Hacking, Linux, Tigrinya, PyTorch, Python, Data Analysis, CCNA, Qualitative Analysis, Economics, Survey Design"
Abebe Wondimu,abebe.wondimu@example.com,812-269-5564x1279,Diploma in IT,7,"Data Analysis, Teamwork, English Translation, Statistics, Scikit-learn, SQL"
Abebe Alemu,abebe.alemu@example.com,791.686.9500,Bachelor's in Business,9,"Excel, Leadership, Auditing, Marketing, English, Afar, Stata, Research, Customer Service, Statistics, Machine Learning, CSS, Communication, Writing"
Meron Kebede,meron.kebede@example.com,+1-958-812-8986x909,Bachelor's in Computer Science,3,"English Translation, NumPy, R, Content Analysis, AWS, Teaching, JavaScript, Linux, Docker, EViews, TensorFlow, Qualitative Analysis, Data Analysis"
Yonas Berhanu,yonas.berhanu@example.com,8999815241,Master's in Engineering,0,"Excel, Statistics, Auditing, PyTorch, Somali, Leadership, JavaScript, CSS, English, Amharic Translation, Cybersecurity"
Tsion Alemu,tsion.alemu@example.com,538-314-5138,Diploma in IT,11,"Cybersecurity, HTML, SPSS, Java, Atlas.ti, Economics, Financial Reporting, JavaScript, Git"
Tsion Tesfaye,tsion.tesfaye@example.com,(823)435-3111x9289,Diploma in IT,14,"Project Management, Leadership, English Translation, Cisco, HTML, Oromo, Pandas, Tax Preparation, NumPy"
Ephrem Wondimu,ephrem.wondimu@example.com,+1-543-942-6006x8252,Diploma in IT,7,"Somali, Networking, R, Survey Design, Qualtrics, Auditing, Python, Ethical Hacking, Excel, Afar"
Betelhem Kebede,betelhem.kebede@example.com,(356)731-0317x0018,Bachelor's in Computer Science,15,"Stata, Sales, Microsoft Office, Economics, Linux, NumPy, Focus Groups, Pandas, CCNA, Financial Reporting, PyTorch, Auditing, Flask"
Abebe Wondimu,abebe.wondimu@example.com,001-524-941-4424,Diploma in IT,10,"SAP, NumPy, Economics, Teamwork, Atlas.ti, Docker, SQL, English, Scikit-learn, Java, Tigrinya, CSS, JavaScript, English Translation"
Biruk Kebede,biruk.kebede@example.com,+1-459-462-5962,Master's in Engineering,5,"PyTorch, Amharic, Django, Focus Groups, Accounting, Excel, Survey Design"
Selam Kebede,selam.kebede@example.com,212.934.6087,Diploma in IT,14,"Networking, Cisco, R, PyTorch, Django, Tigrinya, Content Analysis, Teamwork, QuickBooks, Accounting, JavaScript"
Almaz Wondimu,almaz.wondimu@example.com,3288430132,Master's in Engineering,11,"Oromo, Django, Content Analysis, SQL, Statistics, Financial Reporting, Cisco"
Ephrem Demeke,ephrem.demeke@example.com,934.330.8440x5967,Bachelor's in Business,6,"R, EViews, PyTorch, Data Analysis, NumPy"
Betelhem Demeke,betelhem.demeke@example.com,958-720-8517x499,Diploma in IT,6,"SPSS, Project Management, CSS, Atlas.ti, Amharic, English, Machine Learning, HTML"
Almaz Gebre,almaz.gebre@example.com,479-611-2839x88099,Bachelor's in Computer Science,7,"Git, HTML, Cisco, Teaching, Auditing, Writing, Project Management, Economics, Oracle, Survey Design"
Abebe Mekonnen,abebe.mekonnen@example.com,247.276.4343,Bachelor's in Business,12,"Statistics, Python, R, Flask, Accounting, Writing, Amharic Translation, SPSS, Oracle, Content Analysis, Microsoft Office"
Tsion Mekonnen,tsion.mekonnen@example.com,(231)464-0158x1442,Bachelor's in Business,1,"Survey Design, CSS, Financial Reporting, Git, Content Analysis, Python, Tax Preparation, Interviewing, Ethical Hacking, Focus Groups, SAP, Afar, Writing, Flask"
Abebe Hailu,abebe.hailu@example.com,355-207-2063x30675,Master's in Engineering,10,"Research, Teamwork, Oromo, NumPy, Accounting, Stata"
Ephrem Tesfaye,ephrem.tesfaye@example.com,4768624951,Bachelor's in Business,4,"Django, Linux, English, SQL, R, HTML, CSS, Flask, Git"
Selam Tadesse,selam.tadesse@example.com,220-915-6907x31457,Master's in Engineering,13,"Research, Networking, Pandas, Ethical Hacking, Financial Reporting, Writing, Marketing, Teaching, Statistics, Excel, Amharic, Scikit-learn, Data Analysis, EViews"
Ephrem Tadesse,ephrem.tadesse@example.com,001-669-862-7266x207,Bachelor's in Computer Science,0,"Accounting, Microsoft Office, English, Flask, SPSS, SQL, Survey Design, Somali"
Betelhem Demeke,betelhem.demeke@example.com,758-222-7700x26494,Bachelor's in Business,12,"Amharic, CSS, PyTorch, Marketing, Pandas, Tax Preparation, Qualitative Analysis, Economics, Docker"
Ephrem Mekonnen,ephrem.mekonnen@example.com,410-466-5421x7359,Master's in Engineering,6,"TensorFlow, PyTorch, Somali, Cisco, Interviewing, Project Management, Linux, Machine Learning, Teaching, Networking, CSS, Pandas, SAP, Accounting"
Meron Tesfaye,meron.tesfaye@example.com,001-914-788-5543,Master's in Engineering,2,"Git, EViews, CCNA, Docker, Content Analysis"
Almaz Demeke,almaz.demeke@example.com,709.634.9951x876,Master's in Engineering,2,"Auditing, Tax Preparation, Atlas.ti, Project Management, Focus Groups, CSS, AWS, HTML, CCNA, SAP, Economics, QuickBooks"
Biruk Hailu,biruk.hailu@example.com,9713401407,Bachelor's in Business,3,"Tigrinya, JavaScript, Git, Flask, QuickBooks, Docker, Amharic Translation, Survey Design, Tax Preparation"
Almaz Kebede,almaz.kebede@example.com,+1-648-332-2354x68371,Diploma in IT,14,"Interviewing, Oromo, Flask, Qualitative Analysis, Accounting, Afar, SPSS, Oracle, QuickBooks, Tigrinya"
Ephrem Alemu,ephrem.alemu@example.com,001-479-740-5261x1076,Bachelor's in Business,2,"English Translation, Somali, Microsoft Office, Oromo, Financial Reporting, Teamwork, Project Management, Auditing, HTML"
Betelhem Hailu,betelhem.hailu@example.com,(721)791-6410,Diploma in IT,3,"Customer Service, Accounting, CSS, SAP, Financial Reporting, Networking, Survey Design, Communication, Content Analysis"
Biruk Tesfaye,biruk.tesfaye@example.com,001-409-591-6874x018,Diploma in IT,12,"Atlas.ti, Communication, Networking, Interviewing, Financial Reporting, Somali"
Ephrem Wondimu,ephrem.wondimu@example.com,(589)430-3401,Diploma in IT,2,"Qualitative Analysis, Machine Learning, Focus Groups, CSS, JavaScript, Stata, Docker, Python, Scikit-learn, Cybersecurity, Teaching"
Tsion Kebede,tsion.kebede@example.com,5905410575,Bachelor's in Business,14,"Stata, Survey Design, Amharic, Amharic Translation, SAP, AWS, Sales, TensorFlow, Marketing, JavaScript, Project Management"
Yonas Kebede,yonas.kebede@example.com,001-525-659-0832x17470,Bachelor's in Business,11,"Git, Cybersecurity, QuickBooks, Qualtrics, Project Management"
Meron Tesfaye,meron.tesfaye@example.com,6186062536,Master's in Engineering,14,"SQL, Python, Ethical Hacking, Git, R, Somali, Afar, Scikit-learn, Oromo, Qualtrics, Customer Service, Research, Financial Reporting"
Ephrem Demeke,ephrem.demeke@example.com,(974)575-7102x98835,Bachelor's in Computer Science,11,"English, Content Analysis, NumPy, Flask, AWS, SPSS, CSS, Git, Project Management, EViews, Auditing, Atlas.ti"
Ephrem Kebede,ephrem.kebede@example.com,(808)497-4169x6375,Master's in Engineering,12,"Auditing, Sales, Focus Groups, Tax Preparation, SAP, QuickBooks, Research, Amharic Translation, Amharic, Docker, SQL, Economics, Django, Machine Learning"
Meron Tadesse,meron.tadesse@example.com,3244090060,Bachelor's in Business,12,"Tigrinya, Java, Networking, CCNA, Data Analysis, Research, Financial Reporting, CSS, Auditing"
Ephrem Demeke,ephrem.demeke@example.com,001-793-478-5134x958,Bachelor's in Computer Science,0,"Writing, Sales, AWS, Amharic, Python, Interviewing, Survey Design, Cybersecurity, NVivo, Research, Docker, Teamwork, English, Java, Cisco"
Meron Mekonnen,meron.mekonnen@example.com,4045397716,Bachelor's in Business,6,"Financial Reporting, Focus Groups, Oromo, Teamwork, Survey Design"
Yonas Alemu,yonas.alemu@example.com,693.567.2069,Diploma in IT,3,"Qualitative Analysis, Cybersecurity, HTML, JavaScript, Flask, Financial Reporting, Auditing, Atlas.ti, Oromo, Somali, Ethical Hacking, Marketing, Customer Service"
Betelhem Tadesse,betelhem.tadesse@example.com,(737)968-9898x755,Bachelor's in Business,8,"Oromo, EViews, Docker, Git, Atlas.ti, Financial Reporting, Excel, Cisco, NVivo, Scikit-learn, NumPy, Survey Design, Marketing, Accounting"
Betelhem Alemu,betelhem.alemu@example.com,249-272-7193x4054,Master's in Engineering,10,"Cisco, R, Survey Design, Focus Groups, Docker, Teamwork, Writing, Amharic Translation, Stata, Linux, NVivo, Statistics"
Selam Gebre,selam.gebre@example.com,(324)267-8599x8413,Master's in Engineering,11,"Accounting, Oracle, Statistics, Research, Teaching, Customer Service, R, Communication"
Betelhem Demeke,betelhem.demeke@example.com,346-837-8043,Bachelor's in Computer Science,9,"SPSS, Python, Microsoft Office, Tigrinya, SAP, Machine Learning, R, PyTorch, CCNA, EViews, Somali, CSS, Amharic Translation, Survey Design"
Abebe Hailu,abebe.hailu@example.com,915-980-8206x896,Diploma in IT,1,"CCNA, Excel, Afar, Ethical Hacking, Accounting, SAP, TensorFlow, Amharic Translation, Scikit-learn, Leadership, Amharic, Teamwork, Stata"
Selam Demeke,selam.demeke@example.com,+1-454-457-9987x27353,Diploma in IT,5,"Amharic, Teaching, CCNA, Accounting, EViews, Docker, PyTorch, SPSS, Content Analysis"
Almaz Tesfaye,almaz.tesfaye@example.com,481.992.4598x5556,Bachelor's in Computer Science,12,"JavaScript, Communication, Cybersecurity, Oracle, PyTorch, Data Analysis, Statistics, Content Analysis, SAP, Somali, Focus Groups, Qualtrics, Research, Docker, Teamwork"
Tsion Hailu,tsion.hailu@example.com,+1-507-512-1256,Master's in Engineering,11,"Git, Survey Design, QuickBooks, Ethical Hacking, SAP, Focus Groups, Networking, CCNA"
Almaz Hailu,almaz.hailu@example.com,001-456-390-6381x74612,Bachelor's in Computer Science,0,"Machine Learning, Sales, PyTorch, Tigrinya, Excel, Writing, Java, Data Analysis, Qualtrics, HTML, Financial Reporting, Tax Preparation, Oromo, Oracle, English Translation"
Ephrem Mekonnen,ephrem.mekonnen@example.com,(993)931-0576x45133,Bachelor's in Computer Science,1,"Focus Groups, Economics, Qualitative Analysis, Statistics, NVivo, Somali, Machine Learning, JavaScript, Cybersecurity, Qualtrics, Atlas.ti, Oracle"
Betelhem Wondimu,betelhem.wondimu@example.com,464.326.8131x365,Diploma in IT,6,"SAP, Cisco, Marketing, Qualitative Analysis, Teaching, Docker, Oracle, QuickBooks"
Meron Alemu,meron.alemu@example.com,6364897631,Bachelor's in Computer Science,5,"HTML, Project Management, PyTorch, Focus Groups, SQL, NVivo, CSS, Leadership, Statistics, Writing"
Biruk Gebre,biruk.gebre@example.com,596-677-4427x5602,Bachelor's in Computer Science,3,"Oracle, Amharic Translation, QuickBooks, Atlas.ti, Qualitative Analysis, Focus Groups, TensorFlow, Customer Service, Cisco, JavaScript, English, Sales"
Selam Tesfaye,selam.tesfaye@example.com,885.308.1405x6298,Master's in Engineering,8,"R, EViews, Pandas, SAP, TensorFlow, Research, Stata, Ethical Hacking, Oracle, Django, English Translation, Auditing, Oromo, PyTorch, Python"
Meron Tesfaye,meron.tesfaye@example.com,588-757-3480x406,Bachelor's in Computer Science,10,"Data Analysis, SPSS, Customer Service, Teaching, Flask"
Almaz Demeke,almaz.demeke@example.com,348.306.3619x023,Bachelor's in Business,12,"Cisco, SPSS, Ethical Hacking, Tigrinya, NVivo, EViews"
Biruk Tesfaye,biruk.tesfaye@example.com,534.678.2198x8245,Bachelor's in Computer Science,4,"SAP, Research, Marketing, Microsoft Office, Somali, Django, Teamwork, Cisco, Git"
Ephrem Hailu,ephrem.hailu@example.com,001-635-251-9106x6398,Master's in Engineering,10,"CSS, Teaching, English Translation, Economics, JavaScript, R, Communication, HTML, SQL, CCNA, TensorFlow, Qualitative Analysis"
Abebe Hailu,abebe.hailu@example.com,551.319.4909x5288,Bachelor's in Business,6,"English, Python, Atlas.ti, Statistics, NVivo, Tax Preparation, Machine Learning, PyTorch, Marketing, Somali, SAP, Data Analysis, Cisco, Excel"
Abebe Kebede,abebe.kebede@example.com,554-745-2103,Diploma in IT,7,"NumPy, AWS, Excel, Data Analysis, QuickBooks, Amharic, Oromo, R, Qualitative Analysis, Sales, Auditing, Afar, Stata, Amharic Translation"
Selam Tadesse,selam.tadesse@example.com,(548)403-6385x9466,Bachelor's in Computer Science,12,"Customer Service, Java, Excel, Teaching, Tigrinya, Git, English, Survey Design, SPSS, Research, EViews, Financial Reporting, Linux"
Yonas Gebre,yonas.gebre@example.com,(549)607-0857x260,Bachelor's in Computer Science,4,"Oromo, Financial Reporting, Cybersecurity, Ethical Hacking, Machine Learning, Project Management"
Meron Tadesse,meron.tadesse@example.com,001-635-337-4399,Bachelor's in Computer Science,2,"Cisco, Java, R, Auditing, SPSS, Sales, Statistics, Qualitative Analysis"
Ephrem Tadesse,ephrem.tadesse@example.com,369.903.8495x60301,Diploma in IT,12,"Microsoft Office, Excel, Marketing, Cybersecurity, Qualtrics, CSS, Tax Preparation, Networking, SAP, Python"
Betelhem Berhanu,betelhem.berhanu@example.com,+1-798-422-1826x03149,Diploma in IT,12,"Linux, Django, Teamwork, Qualitative Analysis, Economics, Docker"
Ephrem Hailu,ephrem.hailu@example.com,(779)773-3359,Master's in Engineering,0,"Amharic, Survey Design, Ethical Hacking, Linux, Accounting, NVivo"
Tsion Kebede,tsion.kebede@example.com,894.357.0225,Bachelor's in Computer Science,9,"Leadership, Amharic, Communication, Oracle, Focus Groups"
Ephrem Demeke,ephrem.demeke@example.com,577-394-1427,Master's in Engineering,8,"Scikit-learn, Qualitative Analysis, EViews, Docker, Auditing, Marketing, SPSS"
Meron Wondimu,meron.wondimu@example.com,4048753862,Bachelor's in Business,0,"CCNA, SPSS, Qualtrics, Django, Auditing, Survey Design, Python, Cisco"
Henok Tesfaye,henok.tesfaye@example.com,(744)791-5266,Bachelor's in Business,3,"Atlas.ti, Oromo, Pandas, Economics, Somali, Networking, Qualtrics, Teamwork, Amharic Translation, Flask, Research, Customer Service, Amharic, SQL"
Tsion Tadesse,tsion.tadesse@example.com,(543)712-6269x801,Diploma in IT,2,"Docker, PyTorch, Accounting, Cybersecurity, Atlas.ti, Somali, Survey Design, QuickBooks, NVivo, CSS, Research, English Translation, HTML, Sales, Marketing"
Henok Mekonnen,henok.mekonnen@example.com,001-752-818-5701x5092,Bachelor's in Computer Science,2,"Scikit-learn, Writing, Linux, Ethical Hacking, SQL, SPSS, Project Management, QuickBooks, Accounting, Data Analysis, Teaching, Afar, Amharic Translation, PyTorch, Microsoft Office"
Meron Alemu,meron.alemu@example.com,001-454-968-1019,Bachelor's in Business,7,"Flask, Tax Preparation, English Translation, Interviewing, Data Analysis, Economics, Linux, JavaScript, Python, Git, TensorFlow, Scikit-learn, Project Management"
Ephrem Berhanu,ephrem.berhanu@example.com,(744)950-4028,Bachelor's in Business,13,"Git, R, Docker, Python, Linux, SAP, Atlas.ti, Tax Preparation, Ethical Hacking, Content Analysis, Somali"
Meron Tesfaye,meron.tesfaye@example.com,282-835-7428,Bachelor's in Computer Science,4,"NVivo, Oromo, Content Analysis, Django, Machine Learning, SPSS, Somali, English Translation, Survey Design, Data Analysis, Oracle, Teaching, HTML, JavaScript, Sales"
Selam Hailu,selam.hailu@example.com,982.331.8577,Bachelor's in Business,12,"Statistics, Scikit-learn, QuickBooks, Python, Research, Pandas, Communication, Content Analysis, Qualtrics, Auditing, Writing"
Almaz Gebre,almaz.gebre@example.com,(970)495-1874x2894,Bachelor's in Computer Science,11,"NVivo, Git, Interviewing, Research, Teaching, Auditing, Communication, SQL, SPSS, PyTorch, Tigrinya, Linux, NumPy, Atlas.ti"
Yonas Tesfaye,yonas.tesfaye@example.com,(926)846-8271,Bachelor's in Business,8,"Atlas.ti, NumPy, Data Analysis, Afar, English, Oracle, Sales"
Almaz Mekonnen,almaz.mekonnen@example.com,508-639-1524,Diploma in IT,1,"Content Analysis, Customer Service, Teaching, EViews, Excel, Qualtrics, SPSS, Java"
Selam Tadesse,selam.tadesse@example.com,001-772-836-5039x14763,Bachelor's in Business,4,"NVivo, Afar, TensorFlow, Leadership, SQL, R, Ethical Hacking, English, PyTorch"
Almaz Wondimu,almaz.wondimu@example.com,948-359-3165x9597,Bachelor's in Computer Science,6,"Research, Interviewing, Java, CSS, Focus Groups, QuickBooks, Flask, Scikit-learn, Communication, Content Analysis, Data Analysis"
Abebe Alemu,abebe.alemu@example.com,+1-448-923-8690x79510,Bachelor's in Computer Science,0,"Project Management, Pandas, Customer Service, Amharic, Somali, Research, Python, Writing, Survey Design, NumPy, CCNA, Networking, Docker, Sales"
Biruk Tadesse,biruk.tadesse@example.com,(748)595-1681x52731,Diploma in IT,0,"Teaching, Qualtrics, Survey Design, Somali, Tigrinya, SAP, Customer Service, NumPy, CSS, Networking, Django"
Betelhem Tadesse,betelhem.tadesse@example.com,3574714845,Bachelor's in Business,1,"SAP, Amharic Translation, Communication, Sales, Git, Research, QuickBooks, Amharic, Project Management, Writing, R, Scikit-learn, Qualitative Analysis"
Tsion Alemu,tsion.alemu@example.com,(745)791-7603x92635,Bachelor's in Business,0,"HTML, CSS, English Translation, CCNA, Tax Preparation, Communication, Machine Learning, Content Analysis, Django, Java, Project Management, Oromo, Economics, Amharic"
Biruk Alemu,biruk.alemu@example.com,001-938-420-4552x3701,Bachelor's in Business,12,"Teamwork, Financial Reporting, NumPy, Writing, Tigrinya, Oracle, CSS, Django, Python"
Henok Tadesse,henok.tadesse@example.com,301.639.1026,Diploma in IT,7,"NumPy, Leadership, Docker, AWS, English Translation, Networking, Survey Design, Pandas, Economics, Qualtrics, SAP, QuickBooks, Java, PyTorch, Research"
Biruk Hailu,biruk.hailu@example.com,599-393-2545,Bachelor's in Computer Science,8,"Machine Learning, Atlas.ti, Tax Preparation, Networking, AWS, Accounting, Leadership, Docker, Django"
Ephrem Demeke,ephrem.demeke@example.com,+1-752-583-4291x08700,Master's in Engineering,4,"SPSS, EViews, Microsoft Office, Survey Design, Linux, Interviewing, HTML, Auditing, Cybersecurity, Qualtrics, Project Management"
Meron Hailu,meron.hailu@example.com,(400)241-7874x1694,Bachelor's in Computer Science,7,"Communication, Atlas.ti, Writing, Amharic, Flask, Research, Auditing, Excel, Ethical Hacking"
Selam Berhanu,selam.berhanu@example.com,637.223.7700x3531,Master's in Engineering,14,"Machine Learning, Amharic, R, Writing, JavaScript, Financial Reporting"
Biruk Alemu,biruk.alemu@example.com,(441)413-3115,Bachelor's in Computer Science,5,"NVivo, Atlas.ti, Cisco, Project Management, Amharic Translation, Sales, SPSS, Auditing, SAP, English, Oromo, Pandas, R"
Biruk Tesfaye,biruk.tesfaye@example.com,650-225-6830x1542,Diploma in IT,3,"Atlas.ti, Teaching, Statistics, NumPy, Qualitative Analysis, Content Analysis, Project Management, Afar, Linux, CCNA, Accounting"
Abebe Hailu,abebe.hailu@example.com,416-834-6674,Bachelor's in Business,7,"Docker, Communication, Auditing, Sales, Tax Preparation"
Betelhem Alemu,betelhem.alemu@example.com,+1-993-570-0060,Bachelor's in Business,9,"PyTorch, Python, Docker, NumPy, Ethical Hacking, CSS, Atlas.ti, Tigrinya, Tax Preparation, Marketing, Pandas, Stata, Java"
Yonas Wondimu,yonas.wondimu@example.com,001-836-628-7605x64482,Bachelor's in Business,12,"JavaScript, Django, English, HTML, SAP, Financial Reporting, R, Git"
Almaz Tesfaye,almaz.tesfaye@example.com,574.900.3685,Bachelor's in Computer Science,6,"SQL, Statistics, Oracle, English Translation, NumPy"
Henok Berhanu,henok.berhanu@example.com,(256)227-3964,Master's in Engineering,12,"SAP, Git, Tigrinya, Scikit-learn, Interviewing, Qualtrics, NVivo, NumPy, Writing, Oracle, AWS, Content Analysis"
Henok Gebre,henok.gebre@example.com,+1-984-776-4494x1840,Master's in Engineering,4,"Customer Service, Pandas, Writing, AWS, Oracle, English, Tigrinya, Amharic, Tax Preparation, Afar, Flask, Somali, Project Management, Scikit-learn, PyTorch"
Betelhem Tadesse,betelhem.tadesse@example.com,001-346-471-3965,Diploma in IT,10,"Cisco, SAP, Atlas.ti, R, Tigrinya, Marketing, Microsoft Office, Data Analysis, Oromo, Auditing, TensorFlow, Survey Design, Excel, Sales"
Tsion Demeke,tsion.demeke@example.com,(652)234-4730x955,Bachelor's in Business,10,"Data Analysis, Linux, R, Leadership, JavaScript, EViews, Tax Preparation, Auditing, SQL, Stata, QuickBooks, Networking"
Abebe Mekonnen,abebe.mekonnen@example.com,(202)392-3939,Diploma in IT,14,"SPSS, Scikit-learn, Java, Teaching, NVivo"
Meron Tadesse,meron.tadesse@example.com,382-335-2047,Bachelor's in Business,1,"TensorFlow, AWS, Git, Cisco, English Translation, Accounting, Atlas.ti, Docker, QuickBooks, NVivo, Machine Learning, Customer Service, Django, CSS, Cybersecurity"
Henok Tadesse,henok.tadesse@example.com,001-968-625-9441x93862,Bachelor's in Computer Science,5,"Docker, Leadership, Machine Learning, JavaScript, Java, Data Analysis"
Selam Kebede,selam.kebede@example.com,(449)775-1763x230,Bachelor's in Computer Science,15,"SPSS, Ethical Hacking, Focus Groups, Python, Teamwork"
Tsion Berhanu,tsion.berhanu@example.com,3515937303,Bachelor's in Business,2,"R, CCNA, Networking, Pandas, Survey Design"
Selam Demeke,selam.demeke@example.com,001-253-574-4769x827,Master's in Engineering,3,"Teaching, Linux, EViews, Docker, Financial Reporting, Ethical Hacking, Excel, R, CSS, Scikit-learn, Teamwork, NumPy, AWS, Project Management, English"
Abebe Kebede,abebe.kebede@example.com,418.541.7641x4670,Bachelor's in Business,2,"Scikit-learn, HTML, Tigrinya, Writing, Python, Cybersecurity, Research, PyTorch, Afar, CSS, Excel, Leadership"
Selam Demeke,selam.demeke@example.com,951.251.5801,Master's in Engineering,13,"English, NumPy, Research, English Translation, Somali, R, Interviewing, HTML, Afar, Amharic Translation, Cybersecurity, Data Analysis, Oracle, Teamwork, Docker"
Ephrem Tadesse,ephrem.tadesse@example.com,(381)531-1942,Bachelor's in Computer Science,1,"Cybersecurity, Cisco, Somali, Amharic, SAP, Pandas, QuickBooks, Teamwork"
Yonas Kebede,yonas.kebede@example.com,+1-644-787-4176x48491,Bachelor's in Computer Science,9,"Tigrinya, Machine Learning, Python, EViews, Economics, R"
Ephrem Berhanu,ephrem.berhanu@example.com,533.342.6358,Bachelor's in Computer Science,7,"English, Python, Focus Groups, Java, Financial Reporting, Economics"
Henok Kebede,henok.kebede@example.com,+1-471-702-3967x772,Bachelor's in Business,9,"EViews, Java, HTML, Writing, Sales, Tax Preparation, Networking, Accounting, Pandas"
Tsion Gebre,tsion.gebre@example.com,7783756402,Diploma in IT,6,"Oromo, CSS, Customer Service, Auditing, CCNA, Financial Reporting"
Henok Kebede,henok.kebede@example.com,8476409600,Bachelor's in Business,4,"NumPy, English, Qualtrics, NVivo, AWS"
Betelhem Tadesse,betelhem.tadesse@example.com,+1-991-370-6797x091,Diploma in IT,3,"Tigrinya, Communication, CCNA, Afar, NumPy, Django, Linux, Excel"
Betelhem Gebre,betelhem.gebre@example.com,+1-506-416-7319x099,Bachelor's in Computer Science,8,"Writing, Sales, Somali, Marketing, Research, Docker, Git, Excel, Financial Reporting"
Selam Gebre,selam.gebre@example.com,861-827-6471x974,Bachelor's in Business,8,"Communication, Git, Qualtrics, TensorFlow, Sales, Ethical Hacking, Scikit-learn, Tax Preparation, Afar, CCNA, Cisco"
Tsion Tesfaye,tsion.tesfaye@example.com,483-621-2638x870,Diploma in IT,6,"Research, Qualitative Analysis, Tigrinya, SQL, Tax Preparation, Java, QuickBooks, Atlas.ti, Somali, Data Analysis, CCNA, Survey Design"
Tsion Demeke,tsion.demeke@example.com,297.217.0144,Diploma in IT,7,"Financial Reporting, SAP, Accounting, Flask, Ethical Hacking, Focus Groups, PyTorch, Interviewing, SQL, Content Analysis, NVivo, Django, Communication"
Tsion Alemu,tsion.alemu@example.com,485.921.3610x403,Diploma in IT,4,"Teamwork, Docker, Stata, Ethical Hacking, Accounting, Oracle, JavaScript, TensorFlow, QuickBooks, Customer Service, R, English, Research"
Betelhem Wondimu,betelhem.wondimu@example.com,635-912-7214x3354,Bachelor's in Computer Science,1,"Financial Reporting, Microsoft Office, Amharic Translation, R, Marketing, Excel, Writing, Somali, HTML, Research"
Meron Berhanu,meron.berhanu@example.com,+1-908-456-7786x17842,Bachelor's in Business,2,"Qualitative Analysis, AWS, Git, HTML, Qualtrics"
Betelhem Tesfaye,betelhem.tesfaye@example.com,683-999-1868,Diploma in IT,4,"Financial Reporting, AWS, English, Atlas.ti, Qualitative Analysis, Sales, Amharic Translation, EViews, Java, Accounting, Tax Preparation, Git, Qualtrics, SAP"
Betelhem Gebre,betelhem.gebre@example.com,711-343-8201x10877,Bachelor's in Computer Science,12,"Scikit-learn, Tax Preparation, Communication, NVivo, AWS, NumPy, Stata, Python"
Abebe Hailu,abebe.hailu@example.com,237.693.8489,Diploma in IT,8,"Cisco, Customer Service, Economics, Amharic Translation, Oromo, Data Analysis, AWS"
Biruk Kebede,biruk.kebede@example.com,001-745-791-5306x150,Bachelor's in Computer Science,6,"Networking, Excel, SPSS, Focus Groups, NVivo"
Betelhem Mekonnen,betelhem.mekonnen@example.com,540-881-0339x3642,Bachelor's in Business,14,"PyTorch, SQL, Research, Customer Service, HTML, Cybersecurity, Stata, CSS, JavaScript, TensorFlow, Flask"
Selam Alemu,selam.alemu@example.com,883.719.4472x8826,Bachelor's in Computer Science,5,"Amharic Translation, SAP, Interviewing, Leadership, Tigrinya, Cybersecurity, AWS, Machine Learning, Cisco, Atlas.ti, EViews, Flask, NVivo, Statistics"
Meron Demeke,meron.demeke@example.com,723.637.7690,Diploma in IT,4,"Communication, Data Analysis, SAP, SQL, AWS, Sales, Pandas"
Henok Kebede,henok.kebede@example.com,001-513-804-7240x84894,Master's in Engineering,5,"Machine Learning, Project Management, Amharic, EViews, JavaScript, Data Analysis, Statistics, Cybersecurity, Afar, Sales, Interviewing, Scikit-learn"
Betelhem Berhanu,betelhem.berhanu@example.com,001-320-960-8846x930,Bachelor's in Business,4,"Leadership, Research, PyTorch, Tax Preparation, Java, Accounting, Statistics, QuickBooks, SAP, Git, Ethical Hacking, Economics, Teaching"
Almaz Tesfaye,almaz.tesfaye@example.com,001-280-231-5560x17399,Diploma in IT,10,"Teamwork, Docker, Sales, Marketing, HTML, Flask, Amharic, Excel, Teaching, Qualitative Analysis, Git, Customer Service"
Meron Kebede,meron.kebede@example.com,001-797-869-2683x2546,Diploma in IT,15,"Amharic Translation, Git, Afar, NumPy, PyTorch, Teaching, Sales, Survey Design"
Betelhem Alemu,betelhem.alemu@example.com,+1-303-599-2891,Bachelor's in Business,14,"Accounting, Git, Leadership, CCNA, Oracle, EViews, Financial Reporting, TensorFlow, Pandas, Research, NumPy, HTML, Communication, Data Analysis"
Tsion Demeke,tsion.demeke@example.com,+1-994-655-0764,Master's in Engineering,1,"Flask, Statistics, Cybersecurity, Atlas.ti, Sales, Somali, SAP, Amharic, NumPy"
Betelhem Berhanu,betelhem.berhanu@example.com,+1-421-952-8648,Master's in Engineering,4,"Leadership, Marketing, Flask, Accounting, CCNA, Tigrinya, Research, Microsoft Office"
Biruk Wondimu,biruk.wondimu@example.com,966.447.9422,Diploma in IT,11,"Writing, Networking, TensorFlow, EViews, Pandas, Customer Service"
Almaz Kebede,almaz.kebede@example.com,4575878865,Master's in Engineering,13,"English, JavaScript, Qualitative Analysis, Qualtrics, Teaching, Marketing, Networking, Pandas, Microsoft Office, Focus Groups, Teamwork, Afar, Statistics, Communication, Machine Learning"
Almaz Hailu,almaz.hailu@example.com,+1-706-350-2421x7582,Master's in Engineering,8,"Customer Service, English, Financial Reporting, Oracle, Interviewing, Java"
Yonas Mekonnen,yonas.mekonnen@example.com,(596)676-5666,Master's in Engineering,12,"Pandas, Economics, Research, AWS, EViews, Amharic Translation, Python"
Tsion Hailu,tsion.hailu@example.com,619-393-2778x8673,Master's in Engineering,14,"Atlas.ti, Statistics, Survey Design, Java, Data Analysis, Machine Learning, SAP, English Translation, CCNA, TensorFlow"
Selam Berhanu,selam.berhanu@example.com,658-980-8557x0308,Diploma in IT,15,"SAP, Writing, Interviewing, JavaScript, Networking, Project Management, Amharic, NVivo"
Yonas Hailu,yonas.hailu@example.com,+1-587-690-2168x713,Bachelor's in Business,14,"Marketing, Qualtrics, Research, Focus Groups, Pandas, Cybersecurity, Ethical Hacking"
Abebe Wondimu,abebe.wondimu@example.com,(724)340-7294,Diploma in IT,8,"Content Analysis, SPSS, Statistics, English, Java, Scikit-learn, NumPy, Linux, Tigrinya, Networking, Customer Service, Django"
Selam Tesfaye,selam.tesfaye@example.com,+1-304-866-0745x3139,Diploma in IT,11,"HTML, NumPy, Microsoft Office, Afar, Research"
Almaz Berhanu,almaz.berhanu@example.com,486.672.5480x17289,Bachelor's in Computer Science,10,"SQL, PyTorch, Somali, Financial Reporting, Excel, Economics, Sales, Cybersecurity, SPSS, CCNA, Docker, Flask, Pandas"
Betelhem Kebede,betelhem.kebede@example.com,671.273.7968,Bachelor's in Business,4,"Atlas.ti, AWS, Java, Economics, Financial Reporting, Linux, Docker, Django, Networking, Afar, Qualitative Analysis"
Meron Berhanu,meron.berhanu@example.com,2604216813,Bachelor's in Computer Science,6,"Atlas.ti, Amharic, Research, EViews, Excel, Pandas, Project Management, Survey Design, Economics, Cisco, Writing, AWS, CCNA, Qualtrics"
Yonas Berhanu,yonas.berhanu@example.com,584-954-9415x796,Master's in Engineering,13,"Project Management, Ethical Hacking, NumPy, Flask, English, Java, Marketing, Communication, Cybersecurity, Microsoft Office, CSS, Qualitative Analysis, Sales, Leadership, Amharic Translation"
Yonas Gebre,yonas.gebre@example.com,(359)708-6589x592,Master's in Engineering,8,"TensorFlow, Microsoft Office, Ethical Hacking, English, Atlas.ti, Qualtrics, Pandas, Git"
Yonas Demeke,yonas.demeke@example.com,6375978927,Master's in Engineering,11,"Atlas.ti, Git, Sales, NVivo, Tigrinya, Cybersecurity, Amharic, Amharic Translation, Communication"
Yonas Mekonnen,yonas.mekonnen@example.com,001-590-463-8522x38851,Bachelor's in Computer Science,8,"Somali, Writing, Statistics, Customer Service, Scikit-learn, HTML, Project Management, Economics, Teaching, AWS, CSS"
Tsion Berhanu,tsion.berhanu@example.com,5585554714,Master's in Engineering,3,"English Translation, English, Research, Interviewing, JavaScript, Economics, SPSS, NumPy, Qualtrics"
Biruk Wondimu,biruk.wondimu@example.com,+1-659-762-1902x33068,Bachelor's in Computer Science,14,"Tigrinya, NumPy, Linux, Sales, PyTorch, Amharic"
Selam Gebre,selam.gebre@example.com,776.226.3868x4745,Bachelor's in Business,1,"Research, SAP, Amharic Translation, Leadership, Pandas, Oromo, TensorFlow, AWS, Flask, Teamwork, QuickBooks, Git"
Selam Kebede,selam.kebede@example.com,244.234.1705x3132,Master's in Engineering,7,"Statistics, Scikit-learn, EViews, English Translation, Accounting"
Tsion Tadesse,tsion.tadesse@example.com,+1-681-953-7647x006,Master's in Engineering,12,"Networking, Linux, Scikit-learn, Communication, Oracle, Microsoft Office, Financial Reporting, CCNA, JavaScript, TensorFlow, SPSS, Somali, Amharic, Django"
Ephrem Wondimu,ephrem.wondimu@example.com,6878947509,Bachelor's in Business,0,"Excel, Cisco, Marketing, Linux, Atlas.ti, Microsoft Office, Django, Flask, Ethical Hacking, Stata, EViews, Teaching"
Tsion Mekonnen,tsion.mekonnen@example.com,001-589-286-3657x722,Bachelor's in Computer Science,9,"Python, Cybersecurity, Stata, Customer Service, SQL, Economics, Machine Learning, Writing, Research, Auditing, Sales, Scikit-learn, Focus Groups, Atlas.ti"
Abebe Kebede,abebe.kebede@example.com,+1-407-907-0658x352,Bachelor's in Business,2,"Leadership, R, Somali, Linux, JavaScript, Qualitative Analysis, CCNA, Writing, PyTorch"
Betelhem Gebre,betelhem.gebre@example.com,(868)784-5289x569,Master's in Engineering,2,"Qualtrics, Economics, Teaching, Data Analysis, Cisco, PyTorch, SQL, Customer Service"
Henok Tadesse,henok.tadesse@example.com,+1-914-835-0175x62437,Bachelor's in Computer Science,7,"Tigrinya, Financial Reporting, Scikit-learn, CCNA, AWS"
Abebe Tadesse,abebe.tadesse@example.com,001-644-438-0771x15288,Bachelor's in Computer Science,5,"CCNA, Django, Pandas, Java, AWS, SAP, Data Analysis, Financial Reporting, Cybersecurity, Amharic Translation"
Henok Tesfaye,henok.tesfaye@example.com,(581)580-2258,Bachelor's in Computer Science,0,"NVivo, HTML, QuickBooks, English Translation, Economics, Accounting, Git, Sales, Microsoft Office, Teaching, SAP, EViews, Docker"
Meron Alemu,meron.alemu@example.com,986-744-8090,Master's in Engineering,5,"English Translation, Research, Oracle, TensorFlow, EViews, AWS, Machine Learning"
Meron Tadesse,meron.tadesse@example.com,(920)916-4012x93274,Diploma in IT,12,"Scikit-learn, R, Afar, Excel, SQL, Focus Groups, Teaching, Tax Preparation, HTML"
Yonas Tadesse,yonas.tadesse@example.com,698.346.4763,Bachelor's in Business,4,"Survey Design, Pandas, Interviewing, Ethical Hacking, NVivo, EViews, Teaching, Linux, Research, Amharic Translation, Somali, Afar, Focus Groups, Docker"
Selam Wondimu,selam.wondimu@example.com,855.671.1011x73056,Diploma in IT,5,"Oromo, English, Amharic, JavaScript, PyTorch, Marketing, Data Analysis, Customer Service, Research, Financial Reporting, R"
Abebe Mekonnen,abebe.mekonnen@example.com,381.542.2827x970,Master's in Engineering,3,"Docker, English Translation, Stata, Customer Service, Accounting, Statistics"
Biruk Alemu,biruk.alemu@example.com,+1-324-213-4162,Master's in Engineering,14,"EViews, Tigrinya, Research, Leadership, Cybersecurity, Writing, Somali, Flask, Tax Preparation, Customer Service, Qualitative Analysis, PyTorch, R, Teaching"
Tsion Kebede,tsion.kebede@example.com,(355)855-4582x47096,Diploma in IT,12,"Afar, Atlas.ti, Interviewing, Networking, SPSS, CCNA, PyTorch, AWS, Statistics, Leadership, Pandas, HTML, Communication, Teamwork"
Yonas Wondimu,yonas.wondimu@example.com,(959)499-4852,Diploma in IT,15,"Oromo, QuickBooks, Marketing, Interviewing, Writing, Communication, SQL, Git"
Selam Alemu,selam.alemu@example.com,918-311-0377x951,Bachelor's in Business,2,"Stata, Ethical Hacking, NumPy, Machine Learning, English, English Translation, Python, Statistics"
Yonas Gebre,yonas.gebre@example.com,(913)676-4925,Diploma in IT,1,"Stata, Amharic, Tax Preparation, TensorFlow, Linux, QuickBooks, Java, NVivo, Statistics"
Almaz Demeke,almaz.demeke@example.com,(945)735-7026x32162,Bachelor's in Business,4,"Interviewing, Auditing, Python, Docker, English, EViews, Oracle, Communication, Marketing"
Yonas Hailu,yonas.hailu@example.com,+1-285-406-9103x445,Bachelor's in Business,10,"R, Content Analysis, Linux, Auditing, Project Management, NVivo, HTML"
Meron Hailu,meron.hailu@example.com,275.755.8420x1606,Bachelor's in Business,5,"Ethical Hacking, SAP, Networking, TensorFlow, Java, Python, Accounting, QuickBooks"
Henok Demeke,henok.demeke@example.com,001-911-963-2905,Diploma in IT,2,"Stata, SAP, Financial Reporting, Afar, SPSS, Auditing, Writing, AWS, R, Linux, Interviewing"
Abebe Wondimu,abebe.wondimu@example.com,001-873-716-6453,Diploma in IT,2,"Java, SQL, SPSS, Pandas, TensorFlow, Machine Learning, Teamwork, Networking, Stata, Somali"
Ephrem Wondimu,ephrem.wondimu@example.com,485-837-1967x97878,Master's in Engineering,11,"Amharic Translation, Afar, TensorFlow, CCNA, Accounting, SQL, Financial Reporting, Cybersecurity, SPSS, CSS, Data Analysis, Django, Tax Preparation, Atlas.ti, NVivo"
Almaz Berhanu,almaz.berhanu@example.com,001-941-497-9754,Diploma in IT,13,"CSS, Tigrinya, Survey Design, Oracle, Communication, CCNA, JavaScript, R, Django, Java, Qualitative Analysis"
Ephrem Tesfaye,ephrem.tesfaye@example.com,319.380.3907x850,Bachelor's in Business,3,"Docker, NVivo, Economics, Marketing, SPSS, Oromo, Flask, Scikit-learn"
Selam Alemu,selam.alemu@example.com,+1-291-821-4596,Bachelor's in Business,13,"Amharic Translation, Project Management, JavaScript, Auditing, Microsoft Office, English, Linux"
Henok Berhanu,henok.berhanu@example.com,+1-477-490-3569x14227,Bachelor's in Business,8,"Docker, English, Cybersecurity, Interviewing, SPSS, CCNA, Scikit-learn, SQL, Marketing, Tigrinya, Financial Reporting, Java, Communication, Teaching"
Meron Demeke,meron.demeke@example.com,(544)243-2325,Master's in Engineering,0,"Customer Service, Accounting, Cybersecurity, Networking, Java, NVivo, Leadership, Microsoft Office, SPSS, Economics, R"
Abebe Tesfaye,abebe.tesfaye@example.com,689-903-7119,Bachelor's in Business,11,"Django, Data Analysis, English Translation, Git, Tigrinya, Oromo, Cybersecurity, Economics, Survey Design, Excel, Accounting, NumPy, Atlas.ti, Statistics"
Betelhem Demeke,betelhem.demeke@example.com,+1-599-479-1413x865,Bachelor's in Computer Science,0,"Marketing, CSS, Statistics, AWS, Flask, Tax Preparation, Git, Ethical Hacking, Amharic Translation, QuickBooks, Oromo"
Almaz Wondimu,almaz.wondimu@example.com,001-395-778-2338x6654,Diploma in IT,10,"Communication, Git, Somali, SPSS, QuickBooks, Research, JavaScript, Leadership, Microsoft Office, TensorFlow, Amharic, Linux"
Selam Mekonnen,selam.mekonnen@example.com,201.795.0892x108,Bachelor's in Computer Science,12,"Networking, JavaScript, Docker, Focus Groups, Python"
Ephrem Mekonnen,ephrem.mekonnen@example.com,+1-547-386-3427x2970,Bachelor's in Business,13,"Atlas.ti, Excel, QuickBooks, Tax Preparation, Research, Statistics, HTML, Project Management"
Ephrem Mekonnen,ephrem.mekonnen@example.com,676-647-6650,Bachelor's in Computer Science,3,"Accounting, NumPy, English Translation, Qualitative Analysis, Python, Pandas"
Henok Tadesse,henok.tadesse@example.com,001-453-545-1043x179,Master's in Engineering,11,"Tax Preparation, Excel, Qualitative Analysis, English Translation, Customer Service, Django, Python"
Meron Wondimu,meron.wondimu@example.com,(303)421-5435,Bachelor's in Computer Science,4,"Machine Learning, CCNA, Financial Reporting, Cisco, Accounting, Amharic Translation, R, Content Analysis, SPSS"
Biruk Mekonnen,biruk.mekonnen@example.com,(478)784-2044x7011,Bachelor's in Computer Science,0,"Ethical Hacking, English Translation, PyTorch, Django, Writing, Auditing, NVivo, Oromo, Amharic Translation"
Ephrem Berhanu,ephrem.berhanu@example.com,517-461-7951x86819,Master's in Engineering,9,"Data Analysis, Excel, Qualtrics, Project Management, Accounting, TensorFlow, Auditing, Communication, Tigrinya, Focus Groups, EViews, Python, Amharic Translation, Ethical Hacking, NumPy"
Ephrem Tesfaye,ephrem.tesfaye@example.com,+1-740-715-8840x793,Master's in Engineering,0,"Scikit-learn, Linux, SAP, CCNA, QuickBooks, Accounting, Economics, Excel, Project Management, Content Analysis, PyTorch, Docker, Django, R, Stata"
Ephrem Wondimu,ephrem.wondimu@example.com,001-992-543-0173,Diploma in IT,11,"SAP, English, Pandas, Accounting, Teaching, Afar, Research, Amharic, Focus Groups, Excel, Oromo, Interviewing, Microsoft Office, Teamwork"
Selam Berhanu,selam.berhanu@example.com,9996948757,Diploma in IT,8,"Git, AWS, Teaching, CCNA, TensorFlow, English, Cybersecurity, Microsoft Office, Data Analysis, JavaScript, Tax Preparation, SAP, Sales, Interviewing, Leadership"
Almaz Hailu,almaz.hailu@example.com,244.941.1543,Bachelor's in Business,5,"Tax Preparation, SAP, Customer Service, Oracle, AWS"
Almaz Hailu,almaz.hailu@example.com,745.838.1105x43485,Master's in Engineering,10,"Financial Reporting, SPSS, Qualtrics, Ethical Hacking, Leadership, CCNA, Stata, Docker, Microsoft Office, Flask"
Abebe Demeke,abebe.demeke@example.com,903.319.2953,Master's in Engineering,9,"English Translation, Economics, Scikit-learn, SAP, Teamwork, Amharic, Interviewing, Django, Atlas.ti"
Yonas Tadesse,yonas.tadesse@example.com,807-475-4692x01286,Diploma in IT,7,"Content Analysis, Writing, Git, Teamwork, Java, Project Management, Communication, EViews, Stata"
Henok Demeke,henok.demeke@example.com,+1-840-539-9026x77983,Diploma in IT,7,"Amharic Translation, Oracle, EViews, HTML, NVivo, Teaching, Microsoft Office, Writing, Content Analysis, Financial Reporting, SAP, Research, Sales, Afar, Communication"
Ephrem Tadesse,ephrem.tadesse@example.com,+1-526-862-6339x0009,Bachelor's in Computer Science,14,"CCNA, Customer Service, English Translation, JavaScript, SAP, QuickBooks, Sales, Amharic"
Meron Kebede,meron.kebede@example.com,797-738-5440x1638,Diploma in IT,12,"Tigrinya, PyTorch, Statistics, Teamwork, Machine Learning, EViews, AWS"
Almaz Tesfaye,almaz.tesfaye@example.com,(933)577-0887,Master's in Engineering,1,"Financial Reporting, AWS, Django, Tax Preparation, Qualtrics, SPSS, Auditing, Oromo, Communication, R"
Yonas Berhanu,yonas.berhanu@example.com,(935)441-4625x77872,Bachelor's in Business,13,"Ethical Hacking, Microsoft Office, NumPy, CSS, Stata, SAP, Research, Auditing, Teaching, R, Survey Design, Flask, Qualtrics, Teamwork, AWS"
Ephrem Demeke,ephrem.demeke@example.com,+1-529-904-6965x0645,Bachelor's in Business,10,"Git, Focus Groups, Flask, Pandas, Communication"
Ephrem Wondimu,ephrem.wondimu@example.com,001-651-667-8100,Master's in Engineering,6,"Focus Groups, CSS, Scikit-learn, Accounting, Amharic Translation, Customer Service, Somali, Project Management, Leadership, EViews, Git, NVivo"
Betelhem Gebre,betelhem.gebre@example.com,(859)636-5299x71886,Master's in Engineering,11,"Docker, Auditing, Economics, CSS, SQL, Flask, Amharic Translation, Scikit-learn, Oromo, AWS, Afar, Pandas, Sales"
Selam Kebede,selam.kebede@example.com,4846065755,Bachelor's in Business,14,"QuickBooks, Financial Reporting, PyTorch, Cybersecurity, Tax Preparation, Qualitative Analysis, Focus Groups, Atlas.ti, Oromo, Somali, Content Analysis, Django, Stata, TensorFlow"
Biruk Demeke,biruk.demeke@example.com,492-736-5913x245,Bachelor's in Computer Science,14,"Machine Learning, Docker, Financial Reporting, Excel, NumPy, Accounting, Pandas, Communication, SPSS, Somali, Django, Data Analysis, Afar, Qualitative Analysis, Amharic"
Ephrem Kebede,ephrem.kebede@example.com,+1-230-753-4020,Master's in Engineering,15,"TensorFlow, Auditing, CSS, Qualitative Analysis, Stata, Amharic Translation, NVivo, Flask, PyTorch, Teamwork"
Henok Tesfaye,henok.tesfaye@example.com,674.937.8952,Diploma in IT,11,"Writing, SQL, Somali, R, Economics, Microsoft Office, Statistics, Research, Accounting"
Meron Hailu,meron.hailu@example.com,(730)521-6578x525,Bachelor's in Computer Science,11,"Qualitative Analysis, Oromo, Oracle, TensorFlow, Amharic Translation, Auditing, Marketing, Scikit-learn, Statistics, QuickBooks, Accounting, Docker, Interviewing, Tax Preparation"
Abebe Berhanu,abebe.berhanu@example.com,480.529.9770x37540,Bachelor's in Computer Science,6,"Amharic, Machine Learning, Git, NumPy, Cisco, Interviewing, Scikit-learn"
Meron Berhanu,meron.berhanu@example.com,001-459-534-2504x11792,Diploma in IT,12,"NumPy, Auditing, SQL, Sales, Cybersecurity, Qualitative Analysis, Amharic Translation, CCNA, SAP, Scikit-learn, Git"
Tsion Alemu,tsion.alemu@example.com,(888)477-6315,Bachelor's in Business,7,"Scikit-learn, Oracle, Somali, Linux, Teaching, Communication, Docker, Statistics, Leadership, Ethical Hacking, Atlas.ti, Cybersecurity, Customer Service"
Selam Alemu,selam.alemu@example.com,(826)727-2054x43655,Diploma in IT,2,"Tax Preparation, Sales, Cisco, Accounting, Tigrinya, Flask, CCNA, Research, Customer Service, Linux, AWS, Python, NumPy, Machine Learning, QuickBooks"
Biruk Kebede,biruk.kebede@example.com,001-306-962-8901x0430,Master's in Engineering,8,"Survey Design, Data Analysis, TensorFlow, Django, Python, Communication, Cisco, QuickBooks, Microsoft Office, Amharic Translation, Docker"
Biruk Hailu,biruk.hailu@example.com,628-742-0719x9983,Master's in Engineering,3,"Pandas, Networking, Django, Marketing, Scikit-learn, Project Management, CSS"
Ephrem Alemu,ephrem.alemu@example.com,8058856721,Diploma in IT,4,"Content Analysis, JavaScript, Amharic, Tigrinya, CCNA, Microsoft Office, EViews, Pandas, HTML, Oromo, Focus Groups, SPSS, Survey Design"
Henok Hailu,henok.hailu@example.com,782-458-6612,Master's in Engineering,15,"Teaching, AWS, Flask, QuickBooks, Focus Groups, Marketing, CCNA, Communication, NVivo, NumPy, Content Analysis, Docker, Leadership"
Almaz Tadesse,almaz.tadesse@example.com,473-291-2864x22225,Bachelor's in Computer Science,6,"Django, Survey Design, Atlas.ti, Java, Interviewing, Flask, Python, Financial Reporting"
Ephrem Demeke,ephrem.demeke@example.com,+1-906-620-8482x32216,Bachelor's in Business,3,"Qualitative Analysis, Flask, TensorFlow, Networking, QuickBooks, Communication, Microsoft Office, Amharic, Customer Service, HTML, SQL"
Meron Tesfaye,meron.tesfaye@example.com,(770)727-4189,Master's in Engineering,7,"Economics, Survey Design, Java, Tigrinya, R, Microsoft Office, CSS, NVivo, Scikit-learn, Linux, EViews, Qualtrics, Teaching, Focus Groups"
Betelhem Kebede,betelhem.kebede@example.com,001-420-330-0858x4412,Bachelor's in Business,9,"Qualtrics, Interviewing, Content Analysis, Customer Service, Tigrinya, Focus Groups, Somali, Project Management"
Meron Berhanu,meron.berhanu@example.com,667-748-0039,Diploma in IT,4,"Cybersecurity, Data Analysis, SQL, Cisco, Somali, Survey Design, Teaching"
Henok Berhanu,henok.berhanu@example.com,(552)415-5929,Master's in Engineering,13,"PyTorch, CCNA, Writing, Afar, JavaScript, Oracle, SAP"
Abebe Gebre,abebe.gebre@example.com,+1-745-549-9653,Bachelor's in Business,15,"SAP, NVivo, Teamwork, Tax Preparation, Afar, Teaching"
Yonas Tadesse,yonas.tadesse@example.com,557-357-5838x85954,Master's in Engineering,12,"Amharic, Project Management, R, Flask, Linux"
Yonas Wondimu,yonas.wondimu@example.com,001-729-534-3085x477,Bachelor's in Computer Science,3,"Teamwork, Django, Qualtrics, Java, English, Scikit-learn, Excel, Writing, Economics, EViews, Atlas.ti, CSS, Somali, CCNA, Tax Preparation"
Ephrem Hailu,ephrem.hailu@example.com,(989)301-7930,Bachelor's in Computer Science,12,"Qualtrics, Accounting, Marketing, Survey Design, Amharic"
Almaz Gebre,almaz.gebre@example.com,001-913-207-0202x992,Bachelor's in Business,8,"Scikit-learn, Leadership, Afar, SQL, Django, Communication, Microsoft Office, TensorFlow, Oracle, Project Management, English Translation"
Almaz Mekonnen,almaz.mekonnen@example.com,(308)725-1606x6246,Diploma in IT,7,"Communication, AWS, Excel, CSS, Stata"
Betelhem Tadesse,betelhem.tadesse@example.com,672-407-5341,Diploma in IT,11,"Docker, QuickBooks, Flask, Interviewing, Writing"
Abebe Wondimu,abebe.wondimu@example.com,001-838-488-4320x48920,Master's in Engineering,0,"Project Management, EViews, Pandas, Content Analysis, Statistics"
Henok Kebede,henok.kebede@example.com,+1-589-850-2926x43508,Master's in Engineering,3,"Data Analysis, Auditing, R, Scikit-learn, Interviewing, English, Amharic Translation, Oracle"
Ephrem Wondimu,ephrem.wondimu@example.com,856.353.9064x60591,Bachelor's in Business,3,"AWS, Pandas, EViews, Research, JavaScript, Teaching, Afar, NVivo"
Betelhem Berhanu,betelhem.berhanu@example.com,5082178545,Diploma in IT,12,"Excel, Teamwork, CCNA, Statistics, Python, Teaching, Afar, Atlas.ti"
Abebe Mekonnen,abebe.mekonnen@example.com,980.289.3111x43065,Diploma in IT,1,"Focus Groups, Atlas.ti, Interviewing, Qualtrics, Tax Preparation, Customer Service, Afar, Docker, CCNA, Survey Design, Ethical Hacking, Marketing, Teaching, Auditing"
Almaz Berhanu,almaz.berhanu@example.com,6365633607,Bachelor's in Business,1,"AWS, Somali, Ethical Hacking, Afar, Marketing, Tigrinya, Linux, Financial Reporting, Economics, Teamwork, CSS, Sales, Excel, Tax Preparation"
Selam Wondimu,selam.wondimu@example.com,(458)946-6906,Diploma in IT,6,"Tigrinya, Financial Reporting, Java, CSS, Excel, Qualitative Analysis, Stata, Writing, Marketing, Survey Design, Flask, Oracle, Research, Communication, Scikit-learn"
Abebe Mekonnen,abebe.mekonnen@example.com,+1-924-986-2338x58303,Master's in Engineering,12,"Qualitative Analysis, Statistics, CSS, Financial Reporting, NVivo, Writing, Leadership, Research, PyTorch"
Tsion Gebre,tsion.gebre@example.com,(678)824-7477,Diploma in IT,5,"Docker, Teaching, Scikit-learn, Pandas, Amharic Translation, Survey Design, Customer Service, Tax Preparation, SAP, SQL, Cybersecurity, Data Analysis, AWS, NumPy, Somali"
Betelhem Kebede,betelhem.kebede@example.com,001-555-600-1320x70738,Diploma in IT,2,"English, Amharic Translation, Teamwork, Marketing, Oracle, Focus Groups, Financial Reporting, Linux, English Translation, Cisco"
Meron Berhanu,meron.berhanu@example.com,340-983-0211x3612,Bachelor's in Business,15,"Marketing, JavaScript, Financial Reporting, Cisco, Teamwork, Writing"
Betelhem Demeke,betelhem.demeke@example.com,001-874-488-5841,Bachelor's in Business,8,"Economics, CSS, Customer Service, Somali, Data Analysis, Tigrinya, Qualtrics, English Translation, TensorFlow, Java, Leadership, SAP"
Henok Demeke,henok.demeke@example.com,854-502-9040,Diploma in IT,10,"QuickBooks, NVivo, NumPy, Django, Tigrinya, Cisco, Qualitative Analysis, Afar, Stata"
Biruk Demeke,biruk.demeke@example.com,001-499-290-3588x1320,Diploma in IT,8,"Content Analysis, Ethical Hacking, EViews, R, Django, Linux, Python, Leadership, HTML, Somali, Survey Design, Stata, Interviewing, Atlas.ti"
Betelhem Kebede,betelhem.kebede@example.com,001-710-300-2706,Diploma in IT,4,"Oracle, Tax Preparation, Flask, Ethical Hacking, Survey Design, Microsoft Office, Docker, English, CCNA, Sales, Focus Groups, Tigrinya, Statistics, Scikit-learn, Django"
Meron Hailu,meron.hailu@example.com,287-400-0845,Master's in Engineering,0,"NumPy, QuickBooks, Data Analysis, Microsoft Office, English, Cisco, Networking, NVivo, Focus Groups, Excel, Django, Financial Reporting"
Yonas Kebede,yonas.kebede@example.com,001-299-839-0784x9154,Master's in Engineering,5,"Networking, CSS, Customer Service, Survey Design, Economics, Financial Reporting, Atlas.ti, Interviewing, Pandas, NVivo, Focus Groups"
Tsion Alemu,tsion.alemu@example.com,711-953-7054x9403,Master's in Engineering,6,"HTML, Research, CSS, Amharic Translation, Survey Design, Atlas.ti, CCNA, Leadership, Oromo, Django, JavaScript, SAP, Marketing, Accounting, Content Analysis"
Biruk Wondimu,biruk.wondimu@example.com,+1-800-604-5358x96053,Diploma in IT,1,"Linux, Tax Preparation, NVivo, Somali, SQL, Interviewing, Leadership, Scikit-learn, Qualitative Analysis, Ethical Hacking"
Almaz Gebre,almaz.gebre@example.com,634-547-1180x3064,Bachelor's in Computer Science,12,"SQL, Accounting, EViews, Amharic Translation, Linux, Teaching, Flask, Pandas, Tax Preparation, Excel, QuickBooks, Afar, Qualitative Analysis, Stata, CSS"
Abebe Demeke,abebe.demeke@example.com,(912)239-8858x087,Diploma in IT,13,"EViews, Qualitative Analysis, Networking, CCNA, Docker, CSS, Qualtrics, Data Analysis"
Meron Alemu,meron.alemu@example.com,(380)772-9886x77585,Bachelor's in Business,11,"Docker, Interviewing, EViews, Teamwork, Ethical Hacking, PyTorch, Excel"
Biruk Tesfaye,biruk.tesfaye@example.com,(462)541-1047x03684,Diploma in IT,15,"Data Analysis, CCNA, Machine Learning, JavaScript, Teaching, Project Management"
Betelhem Kebede,betelhem.kebede@example.com,(835)696-4566,Diploma in IT,7,"Excel, Flask, TensorFlow, Oracle, Project Management, HTML, Tax Preparation, Qualitative Analysis, Microsoft Office, R"
Tsion Hailu,tsion.hailu@example.com,+1-983-627-3745x05103,Master's in Engineering,14,"SQL, SPSS, Sales, Flask, SAP"
Selam Demeke,selam.demeke@example.com,477-894-4661x733,Master's in Engineering,7,"Qualitative Analysis, Economics, Java, EViews, TensorFlow, Afar, R"
Tsion Alemu,tsion.alemu@example.com,(619)510-0490,Master's in Engineering,6,"Java, Afar, Focus Groups, Tigrinya, Somali, Flask, Research, Excel, Cybersecurity"
Yonas Kebede,yonas.kebede@example.com,+1-798-471-3535x5089,Bachelor's in Computer Science,13,"Git, SPSS, Afar, Tax Preparation, Auditing, Ethical Hacking, Tigrinya, Scikit-learn, Docker, Oracle, SAP, Linux"
Biruk Wondimu,biruk.wondimu@example.com,481.489.6021,Bachelor's in Business,5,"Docker, Oromo, Ethical Hacking, NVivo, JavaScript, Survey Design, English Translation, Sales, QuickBooks, Economics, Excel, Writing"
Meron Wondimu,meron.wondimu@example.com,444.419.7001x595,Diploma in IT,11,"CSS, Afar, Financial Reporting, Oromo, Customer Service, Git, Interviewing, Excel, TensorFlow, AWS, Machine Learning, Amharic, Project Management"
Biruk Tadesse,biruk.tadesse@example.com,(915)322-4458x5788,Bachelor's in Computer Science,1,"HTML, Somali, Survey Design, R, Pandas, Communication, Accounting, EViews"
Biruk Tesfaye,biruk.tesfaye@example.com,215.434.4366x1611,Bachelor's in Business,15,"Cisco, Ethical Hacking, QuickBooks, NVivo, NumPy, R, Scikit-learn, Amharic, Focus Groups, Flask, PyTorch, Excel"
Betelhem Tesfaye,betelhem.tesfaye@example.com,+1-454-403-9005x38424,Bachelor's in Computer Science,15,"HTML, Communication, Research, Atlas.ti, Economics"
Biruk Gebre,biruk.gebre@example.com,978-658-2507,Bachelor's in Business,2,"SPSS, Amharic, Linux, SQL, Financial Reporting, Statistics, NVivo, CCNA"
Meron Alemu,meron.alemu@example.com,001-640-239-0142x081,Bachelor's in Business,11,"Interviewing, Qualtrics, Ethical Hacking, SQL, Java, Data Analysis, NumPy, Statistics, Focus Groups, Qualitative Analysis, Oromo, HTML, CSS, Financial Reporting, Sales"
Betelhem Kebede,betelhem.kebede@example.com,(702)716-3158,Diploma in IT,0,"Somali, Excel, PyTorch, Content Analysis, English, Microsoft Office, Stata"
Biruk Tesfaye,biruk.tesfaye@example.com,+1-899-331-0211,Bachelor's in Computer Science,7,"HTML, Ethical Hacking, SAP, English Translation, Tax Preparation, Afar, CSS, TensorFlow, Interviewing, AWS, Content Analysis, Atlas.ti"
Selam Hailu,selam.hailu@example.com,9336849091,Master's in Engineering,9,"CCNA, CSS, Leadership, Qualtrics, Cisco"
Betelhem Wondimu,betelhem.wondimu@example.com,424.910.0854x6584,Diploma in IT,7,"SAP, Financial Reporting, Project Management, Excel, CSS, Java, Microsoft Office, SPSS, Django, Networking, TensorFlow, JavaScript"
Abebe Wondimu,abebe.wondimu@example.com,(317)603-4277x91978,Master's in Engineering,12,"TensorFlow, Teaching, SAP, HTML, Flask, Tigrinya, NVivo, Atlas.ti, English Translation, Networking, Docker, Cybersecurity, Leadership, AWS, Research"
Henok Hailu,henok.hailu@example.com,2045344757,Master's in Engineering,12,"Customer Service, Docker, TensorFlow, R, Afar, Sales, CCNA, Cisco, QuickBooks, NVivo, NumPy, Excel, Linux"
Ephrem Alemu,ephrem.alemu@example.com,579.695.3826,Diploma in IT,1,"Tax Preparation, TensorFlow, Django, Leadership, R, Data Analysis, Focus Groups, Interviewing, Survey Design, Atlas.ti, Stata, Tigrinya, CSS"
Ephrem Mekonnen,ephrem.mekonnen@example.com,(292)608-5702x00593,Diploma in IT,4,"QuickBooks, CSS, SPSS, Stata, CCNA, AWS, Qualtrics, TensorFlow, Ethical Hacking, Machine Learning, NumPy, Accounting, English, SAP, Leadership"
Meron Hailu,meron.hailu@example.com,(381)273-8855x87146,Master's in Engineering,4,"Focus Groups, Interviewing, SQL, Cybersecurity, EViews, Tigrinya, Networking, Research, Sales"
Tsion Gebre,tsion.gebre@example.com,539.619.4173x43216,Bachelor's in Business,2,"Financial Reporting, English, Pandas, Amharic, SAP, Sales, TensorFlow, Tigrinya, Oracle"
Biruk Alemu,biruk.alemu@example.com,(334)317-6338x27425,Bachelor's in Business,10,"Microsoft Office, Oromo, Content Analysis, Qualitative Analysis, English"
Betelhem Hailu,betelhem.hailu@example.com,7119676560,Bachelor's in Business,13,"Afar, Qualtrics, Tigrinya, Teaching, CCNA, Financial Reporting, Pandas"
Biruk Alemu,biruk.alemu@example.com,254-427-2588x0669,Master's in Engineering,0,"Amharic, Sales, Atlas.ti, Accounting, Research, Microsoft Office, Interviewing, Django, Linux, Qualtrics, Ethical Hacking, Qualitative Analysis, Flask, Tax Preparation"
Selam Hailu,selam.hailu@example.com,(787)636-6616x105,Bachelor's in Computer Science,5,"Research, Communication, Auditing, PyTorch, QuickBooks, Data Analysis, Excel, SPSS, Microsoft Office, Ethical Hacking, Project Management"
Almaz Gebre,almaz.gebre@example.com,470.450.7560x7815,Bachelor's in Business,8,"Focus Groups, Flask, Cisco, Communication, Teaching, Networking, SPSS"
Abebe Wondimu,abebe.wondimu@example.com,(554)599-0282x0767,Diploma in IT,3,"Excel, AWS, Marketing, Qualtrics, Afar, Linux, SAP, Git"
Ephrem Wondimu,ephrem.wondimu@example.com,+1-316-935-2699x65923,Bachelor's in Computer Science,13,"Java, Atlas.ti, CCNA, Excel, English, Django, Auditing, Teaching, Oromo, Networking, JavaScript, Cybersecurity, Machine Learning, Scikit-learn, Survey Design"
Abebe Alemu,abebe.alemu@example.com,339-229-0599,Bachelor's in Computer Science,10,"Writing, Teamwork, Stata, Scikit-learn, CCNA, Project Management"
Tsion Wondimu,tsion.wondimu@example.com,630-401-4343,Master's in Engineering,1,"Java, Survey Design, Somali, AWS, CSS, English, Oromo, QuickBooks, Amharic Translation, CCNA, Communication, Stata, Tigrinya, Machine Learning"
Biruk Kebede,biruk.kebede@example.com,001-337-759-7219x731,Bachelor's in Computer Science,3,"Leadership, Interviewing, Amharic, CCNA, Auditing, Tax Preparation, Afar, Focus Groups, JavaScript, Tigrinya, Somali, Project Management, AWS, Qualtrics"
Biruk Kebede,biruk.kebede@example.com,273-261-5798x340,Master's in Engineering,5,"SQL, Project Management, NVivo, Tax Preparation, Statistics, CCNA, Oromo, Qualitative Analysis, Tigrinya, SAP, HTML, Pandas"
Almaz Mekonnen,almaz.mekonnen@example.com,001-890-357-2377x050,Bachelor's in Computer Science,6,"R, SPSS, Oracle, SAP, Customer Service, EViews, AWS"
Meron Berhanu,meron.berhanu@example.com,+1-765-562-5694x869,Bachelor's in Computer Science,8,"Machine Learning, Teaching, Statistics, Amharic, Research, Ethical Hacking, SPSS, Oracle, Amharic Translation, Tigrinya, Marketing, Docker"
Selam Wondimu,selam.wondimu@example.com,621.208.7802x21659,Bachelor's in Computer Science,9,"Leadership, Flask, Qualtrics, Afar, Atlas.ti, Research, Machine Learning, CSS, Oracle, CCNA, Amharic"
Biruk Hailu,biruk.hailu@example.com,4949794952,Diploma in IT,5,"Amharic, English, Docker, Financial Reporting, Java, Cisco"
Abebe Tadesse,abebe.tadesse@example.com,292-289-0307x4829,Master's in Engineering,7,"Docker, Sales, Focus Groups, Tigrinya, Linux, Tax Preparation, AWS, Git, Amharic Translation, Oracle, Leadership, R, Flask"
Selam Mekonnen,selam.mekonnen@example.com,+1-810-964-8866x2852,Diploma in IT,3,"Data Analysis, R, Excel, CCNA, Communication, Oracle, Microsoft Office"
Ephrem Alemu,ephrem.alemu@example.com,(693)977-0349x3482,Bachelor's in Computer Science,2,"Qualtrics, TensorFlow, Content Analysis, CSS, SAP, Statistics, Networking, Teamwork, Cisco, Financial Reporting, Project Management, English Translation, HTML, Linux"
Meron Mekonnen,meron.mekonnen@example.com,001-270-722-0433,Master's in Engineering,6,"NVivo, EViews, English Translation, SAP, Auditing, Tigrinya, Ethical Hacking"
Almaz Mekonnen,almaz.mekonnen@example.com,744-917-5795x28758,Bachelor's in Business,10,"English, Git, Teaching, Microsoft Office, Linux, Auditing, Accounting, Focus Groups, TensorFlow, Afar"
Biruk Mekonnen,biruk.mekonnen@example.com,991.383.6269,Bachelor's in Business,15,"SQL, Scikit-learn, Docker, Cybersecurity, English, Networking, Amharic Translation, PyTorch, NumPy, Pandas"
Tsion Tesfaye,tsion.tesfaye@example.com,254-852-2446x560,Bachelor's in Computer Science,5,"Auditing, Teaching, Customer Service, Atlas.ti, Cybersecurity, Economics, Networking, Qualitative Analysis"
Ephrem Demeke,ephrem.demeke@example.com,001-300-215-9550x2146,Master's in Engineering,1,"NVivo, Customer Service, Data Analysis, Marketing, Content Analysis, Networking, Research, English Translation, Accounting, Writing, Flask, SPSS"
Ephrem Berhanu,ephrem.berhanu@example.com,3652690927,Bachelor's in Computer Science,15,"Marketing, Interviewing, Atlas.ti, Excel, Financial Reporting, Machine Learning, Leadership, HTML, English Translation, Qualitative Analysis, Oromo, Research, Microsoft Office, R"
Selam Tesfaye,selam.tesfaye@example.com,579-834-7278x0960,Bachelor's in Computer Science,0,"Research, Python, Teamwork, NVivo, Auditing, JavaScript, Excel"
Yonas Mekonnen,yonas.mekonnen@example.com,001-446-779-4473x430,Bachelor's in Computer Science,10,"Pandas, Amharic, SPSS, Linux, Scikit-learn, Marketing, Leadership, Research, Project Management, Sales, SQL, Statistics, Qualitative Analysis, Focus Groups"
Biruk Wondimu,biruk.wondimu@example.com,+1-345-416-2467x2683,Master's in Engineering,12,"Linux, Statistics, English Translation, Tigrinya, Somali, Sales, SPSS, Auditing, Financial Reporting, Microsoft Office, Focus Groups, Teamwork"
Henok Tesfaye,henok.tesfaye@example.com,836-755-0944x41396,Diploma in IT,13,"EViews, Oracle, Afar, Research, Java, Pandas, SAP, Communication, Django, Stata, Qualtrics, Somali, Data Analysis, Project Management"
Betelhem Demeke,betelhem.demeke@example.com,+1-948-973-9118x2530,Bachelor's in Business,11,"Marketing, Sales, Afar, Cybersecurity, Communication, Scikit-learn, Docker, Qualtrics, Linux, AWS, Teamwork, Java, Cisco"
Betelhem Berhanu,betelhem.berhanu@example.com,001-364-610-7817x839,Master's in Engineering,4,"EViews, Afar, Statistics, Customer Service, Git, JavaScript, Ethical Hacking, NumPy, Qualitative Analysis, Interviewing, CSS, Survey Design, Qualtrics, Atlas.ti"
Tsion Tesfaye,tsion.tesfaye@example.com,505-228-0019x1537,Master's in Engineering,8,"SQL, Qualtrics, Stata, Scikit-learn, HTML, Focus Groups, Tax Preparation, English, Economics, Customer Service"
Yonas Berhanu,yonas.berhanu@example.com,3252082723,Diploma in IT,1,"JavaScript, Oracle, Project Management, Leadership, Git, PyTorch"
Biruk Alemu,biruk.alemu@example.com,(747)388-6837,Bachelor's in Computer Science,6,"Leadership, English Translation, Microsoft Office, Amharic, NumPy, Customer Service, Cybersecurity, Data Analysis, AWS, Focus Groups, Java, Survey Design, NVivo"
Abebe Hailu,abebe.hailu@example.com,001-579-577-8057x58739,Bachelor's in Business,15,"NumPy, Excel, SAP, Python, Docker, Cybersecurity, Survey Design, Writing, Cisco, Amharic Translation, NVivo, Communication"
Yonas Alemu,yonas.alemu@example.com,(593)979-5131x99343,Master's in Engineering,5,"Oromo, Focus Groups, QuickBooks, EViews, Excel, SAP"
Yonas Tadesse,yonas.tadesse@example.com,913.503.8338x0887,Master's in Engineering,13,"Somali, Oracle, PyTorch, HTML, Linux, CSS, Tigrinya, Auditing, Interviewing, Ethical Hacking, Financial Reporting, Pandas, Economics"
Almaz Mekonnen,almaz.mekonnen@example.com,(383)954-9311x8610,Diploma in IT,5,"Qualtrics, Writing, EViews, HTML, Microsoft Office, Atlas.ti, Scikit-learn, NVivo, Ethical Hacking, QuickBooks, Flask, English Translation, AWS, Leadership, Somali"
Yonas Gebre,yonas.gebre@example.com,5892212441,Diploma in IT,15,"Interviewing, Teamwork, English, SPSS, Machine Learning, Pandas, Python, R, Qualitative Analysis, Communication, QuickBooks, Cisco, Atlas.ti, Linux"
Almaz Tesfaye,almaz.tesfaye@example.com,(770)230-7789,Bachelor's in Computer Science,3,"Oromo, Linux, Customer Service, Project Management, Somali, Sales, R, Economics, English, Teaching, Java, English Translation"
Meron Tadesse,meron.tadesse@example.com,+1-770-661-1891x1886,Bachelor's in Computer Science,1,"Git, Interviewing, Teamwork, Focus Groups, Django"
Henok Alemu,henok.alemu@example.com,+1-409-579-7733,Master's in Engineering,7,"Project Management, Networking, English, Writing, SAP, Teaching, AWS, Docker, Customer Service, CSS, Communication, Teamwork, SQL, Accounting, Excel"
Almaz Gebre,almaz.gebre@example.com,001-995-726-5832x8262,Master's in Engineering,5,"Auditing, Atlas.ti, Java, Oromo, CCNA, SPSS, Somali, Flask, Django, Afar, Data Analysis, QuickBooks, Python, SQL, Leadership"
Meron Tadesse,meron.tadesse@example.com,+1-547-439-0453x36540,Bachelor's in Business,1,"Microsoft Office, AWS, Excel, Stata, Economics, NumPy, Afar, Machine Learning"
Ephrem Mekonnen,ephrem.mekonnen@example.com,950.913.2044x06136,Diploma in IT,6,"Project Management, Interviewing, Focus Groups, Communication, Sales, Git, Survey Design"
Biruk Demeke,biruk.demeke@example.com,001-444-322-1435,Master's in Engineering,11,"Scikit-learn, English, Financial Reporting, Tax Preparation, Statistics, CSS, R"
Betelhem Hailu,betelhem.hailu@example.com,765-270-2449x40090,Master's in Engineering,6,"Tax Preparation, Data Analysis, English, JavaScript, QuickBooks, Somali, Interviewing, TensorFlow, Scikit-learn, SQL, Amharic Translation"
Betelhem Berhanu,betelhem.berhanu@example.com,7004069282,Bachelor's in Computer Science,10,"Pandas, QuickBooks, CSS, Django, Oracle, Flask"
Abebe Alemu,abebe.alemu@example.com,661.883.5634x4674,Bachelor's in Computer Science,8,"SAP, NVivo, R, English, Content Analysis, Qualtrics, Survey Design, Financial Reporting, Marketing, Machine Learning, Leadership, Excel, Oracle, AWS, Data Analysis"
Abebe Tadesse,abebe.tadesse@example.com,585-261-6441x030,Master's in Engineering,5,"Machine Learning, JavaScript, Oracle, English, Amharic Translation, Economics, Sales, Pandas, NVivo, HTML, Cybersecurity"
Ephrem Demeke,ephrem.demeke@example.com,971-519-1532x2867,Master's in Engineering,13,"PyTorch, Afar, Networking, NumPy, Somali, Qualitative Analysis, Economics, Content Analysis"
Yonas Tadesse,yonas.tadesse@example.com,+1-722-794-9871x7607,Master's in Engineering,4,"Git, JavaScript, PyTorch, Ethical Hacking, Excel, Cybersecurity, Financial Reporting, Writing, English, Data Analysis, Qualitative Analysis"
Abebe Berhanu,abebe.berhanu@example.com,334.596.1905x679,Bachelor's in Computer Science,2,"NumPy, Tigrinya, CCNA, Git, Pandas, Customer Service, Project Management, SQL, Machine Learning, Microsoft Office, Qualitative Analysis, Amharic"
Tsion Alemu,tsion.alemu@example.com,(270)205-9615,Master's in Engineering,0,"Focus Groups, Teamwork, SAP, Cisco, Survey Design, Qualtrics, Java, NVivo, TensorFlow, SPSS, English Translation, Marketing"
Almaz Hailu,almaz.hailu@example.com,001-625-806-7253,Master's in Engineering,11,"Django, HTML, Afar, SPSS, Financial Reporting, Stata"
Betelhem Mekonnen,betelhem.mekonnen@example.com,215-449-8974x0390,Diploma in IT,12,"Research, Django, Communication, NumPy, Oromo, Cisco, SAP, Leadership, Qualitative Analysis"
Betelhem Tadesse,betelhem.tadesse@example.com,395.385.2262x583,Bachelor's in Computer Science,0,"English, Customer Service, Networking, Tigrinya, Survey Design, PyTorch"
Biruk Gebre,biruk.gebre@example.com,4214503742,Bachelor's in Business,3,"Marketing, R, Writing, Statistics, Leadership, SPSS, Ethical Hacking, Java"
Selam Berhanu,selam.berhanu@example.com,317.493.7043,Diploma in IT,15,"Excel, Stata, Research, Survey Design, SQL, HTML, Writing, Flask, Marketing, Ethical Hacking, Project Management"
Biruk Tesfaye,biruk.tesfaye@example.com,6336385659,Bachelor's in Computer Science,3,"Interviewing, Content Analysis, Scikit-learn, Excel, Cybersecurity, EViews"
Yonas Demeke,yonas.demeke@example.com,001-821-876-9079,Bachelor's in Business,15,"Qualitative Analysis, Interviewing, HTML, Machine Learning, Java, Amharic Translation, Accounting, Data Analysis, Atlas.ti, Scikit-learn, Tax Preparation, Oromo, Django, Cybersecurity, Research"
Yonas Mekonnen,yonas.mekonnen@example.com,828.229.8735,Diploma in IT,7,"Content Analysis, R, Project Management, CCNA, Data Analysis, Accounting, Atlas.ti, Financial Reporting"
Henok Mekonnen,henok.mekonnen@example.com,413.291.8770,Bachelor's in Business,14,"Accounting, PyTorch, Teaching, Excel, Leadership, Interviewing, English, Git, Data Analysis, Stata, Customer Service, Economics, AWS, Content Analysis, Oracle"
Henok Kebede,henok.kebede@example.com,(486)464-6392x61260,Bachelor's in Business,3,"Economics, Teamwork, Content Analysis, Customer Service, Research, Cisco, SPSS"
Betelhem Kebede,betelhem.kebede@example.com,001-333-613-8881x2650,Master's in Engineering,3,"Atlas.ti, CCNA, Data Analysis, Qualitative Analysis, Amharic, Microsoft Office, Afar, Python, PyTorch, Excel, Amharic Translation, English, Pandas"
Yonas Demeke,yonas.demeke@example.com,001-373-338-1468x243,Master's in Engineering,4,"SPSS, Content Analysis, SQL, Excel, QuickBooks, Machine Learning, Sales, NumPy, Python, Oromo, R, NVivo"
Yonas Wondimu,yonas.wondimu@example.com,6922753187,Bachelor's in Business,5,"Afar, Pandas, Oromo, CSS, PyTorch, Flask, Survey Design, Financial Reporting, Marketing, Economics, Networking, Statistics, Qualitative Analysis, Excel"
Betelhem Mekonnen,betelhem.mekonnen@example.com,(721)760-7583x51807,Bachelor's in Computer Science,4,"Tigrinya, Scikit-learn, Communication, Writing, Java, Atlas.ti, NVivo, Economics, HTML, Focus Groups, Machine Learning, Pandas"
Tsion Hailu,tsion.hailu@example.com,832.323.6726x154,Bachelor's in Business,12,"CCNA, Interviewing, Machine Learning, Leadership, Tigrinya, Docker, TensorFlow, HTML, Linux, Microsoft Office"
Meron Berhanu,meron.berhanu@example.com,001-253-657-2369x0958,Diploma in IT,0,"NVivo, Microsoft Office, Leadership, Afar, EViews, Docker, SAP"
Selam Gebre,selam.gebre@example.com,286-756-3539,Master's in Engineering,14,"TensorFlow, CSS, EViews, PyTorch, Tax Preparation, Afar, Data Analysis, Survey Design, Pandas, Stata, Communication, NVivo, SQL, Microsoft Office, English"
Abebe Alemu,abebe.alemu@example.com,915-751-8617,Bachelor's in Computer Science,3,"Research, Excel, CSS, Auditing, Oromo, Ethical Hacking, Amharic, CCNA"
Almaz Alemu,almaz.alemu@example.com,760.458.9736x38555,Bachelor's in Computer Science,10,"Leadership, Marketing, HTML, Project Management, SPSS, TensorFlow, Pandas, SAP, Docker, NumPy, Focus Groups, Statistics, Data Analysis, Research, Python"
Ephrem Tadesse,ephrem.tadesse@example.com,+1-295-204-7776x295,Master's in Engineering,3,"CSS, Java, Git, Django, Teaching, Statistics, TensorFlow, Networking, Project Management, Economics, Docker, SQL"
Abebe Alemu,abebe.alemu@example.com,784.919.0175,Bachelor's in Business,10,"Tax Preparation, Django, Stata, Qualitative Analysis, SQL, Git, SPSS"
Almaz Kebede,almaz.kebede@example.com,(850)526-5068x708,Bachelor's in Computer Science,12,"Customer Service, PyTorch, Django, SAP, Sales, Networking, Teamwork, Cybersecurity, CSS, Tigrinya, Java"
Almaz Demeke,almaz.demeke@example.com,(294)943-1248x67218,Master's in Engineering,4,"Oromo, Linux, Sales, EViews, Survey Design, Excel, Data Analysis, Python, Django, TensorFlow"
Meron Hailu,meron.hailu@example.com,001-341-657-4613x70371,Bachelor's in Business,2,"Focus Groups, JavaScript, Flask, CSS, Git, Cybersecurity, Tigrinya, Linux, Interviewing, Django, Atlas.ti, Microsoft Office, Scikit-learn, Ethical Hacking"
Almaz Wondimu,almaz.wondimu@example.com,(972)225-4603x111,Diploma in IT,12,"Tigrinya, Customer Service, Content Analysis, Django, NumPy, Oromo"
Yonas Tadesse,yonas.tadesse@example.com,(919)280-2206x17784,Bachelor's in Business,0,"Interviewing, Accounting, Project Management, SPSS, Linux, Qualtrics, Qualitative Analysis, Excel, CCNA, Cybersecurity, Java, Cisco"
Abebe Gebre,abebe.gebre@example.com,+1-353-751-1370x837,Master's in Engineering,13,"Communication, SQL, Java, Afar, R, Survey Design"
Almaz Tesfaye,almaz.tesfaye@example.com,(756)301-4747x61507,Master's in Engineering,8,"Networking, CSS, Statistics, Leadership, Tigrinya, Teamwork, Pandas, Ethical Hacking, HTML, Financial Reporting, Machine Learning, Content Analysis"
Tsion Wondimu,tsion.wondimu@example.com,(268)435-5516,Bachelor's in Computer Science,11,"Qualitative Analysis, Communication, Accounting, English, Leadership, Scikit-learn, SPSS"
Abebe Tadesse,abebe.tadesse@example.com,692-769-7396x62985,Master's in Engineering,5,"Auditing, Scikit-learn, Customer Service, Amharic Translation, Leadership, PyTorch, Pandas, Survey Design"
Abebe Mekonnen,abebe.mekonnen@example.com,273.818.7092x700,Diploma in IT,1,"Financial Reporting, English Translation, Project Management, Customer Service, Oromo, Statistics, Scikit-learn, Tigrinya, Cisco, Excel"
Betelhem Alemu,betelhem.alemu@example.com,+1-985-947-4343x592,Bachelor's in Business,13,"Amharic Translation, Amharic, Focus Groups, Economics, Atlas.ti, Linux, JavaScript, Oracle, QuickBooks, Sales, Leadership, Qualitative Analysis, Machine Learning, Cybersecurity, Cisco"
Biruk Berhanu,biruk.berhanu@example.com,988-431-4127x17510,Bachelor's in Business,8,"Auditing, Communication, Project Management, Interviewing, JavaScript, Content Analysis"
Henok Tesfaye,henok.tesfaye@example.com,5175113876,Bachelor's in Computer Science,9,"Python, Cisco, Financial Reporting, Auditing, Research, Stata, Excel, TensorFlow"
Selam Kebede,selam.kebede@example.com,375-555-2183x88695,Master's in Engineering,7,"Scikit-learn, Financial Reporting, HTML, Research, R, Tax Preparation, QuickBooks, Content Analysis, Cybersecurity, Machine Learning, Statistics, Java, Stata, Excel"
Ephrem Alemu,ephrem.alemu@example.com,728-413-4367,Diploma in IT,12,"Project Management, Accounting, Networking, Cisco, Qualitative Analysis, Tax Preparation, Content Analysis, Somali, Customer Service"
Meron Tesfaye,meron.tesfaye@example.com,001-231-406-4678x85921,Master's in Engineering,7,"Atlas.ti, TensorFlow, Teamwork, NumPy, English Translation, Accounting, Sales, Machine Learning"
Almaz Wondimu,almaz.wondimu@example.com,680.326.4389x633,Bachelor's in Business,14,"Focus Groups, Linux, Data Analysis, Python, Tax Preparation, EViews, Writing"
Betelhem Kebede,betelhem.kebede@example.com,713-698-1370,Master's in Engineering,15,"Amharic, Content Analysis, Survey Design, JavaScript, Ethical Hacking, Django, Networking, NumPy, Git, Statistics, Scikit-learn, Cisco, Stata, Microsoft Office, Cybersecurity"
Abebe Alemu,abebe.alemu@example.com,001-208-845-1834x5849,Bachelor's in Computer Science,15,"Statistics, Microsoft Office, Marketing, Writing, Stata, Cybersecurity, Ethical Hacking, Django, Leadership, Oracle, JavaScript, Auditing, Cisco, Project Management"
Ephrem Kebede,ephrem.kebede@example.com,639.545.2077,Bachelor's in Business,8,"Afar, SPSS, QuickBooks, English Translation, Excel, Sales, Flask, Cisco, Linux"
Biruk Demeke,biruk.demeke@example.com,515.669.1434x919,Bachelor's in Computer Science,7,"Cybersecurity, Python, Afar, Git, Economics, Oracle, Tigrinya, EViews, CSS, English"
Selam Tesfaye,selam.tesfaye@example.com,809.360.9732,Bachelor's in Business,5,"Java, Python, R, SPSS, Research, Machine Learning, CSS, Teaching, TensorFlow, Customer Service, SAP, Scikit-learn"
Selam Tadesse,selam.tadesse@example.com,+1-547-865-6615x7860,Diploma in IT,12,"EViews, Ethical Hacking, Amharic Translation, Statistics, English, Somali, Flask"
Henok Tesfaye,henok.tesfaye@example.com,+1-473-771-4308x87037,Bachelor's in Business,2,"PyTorch, Linux, Java, English, Financial Reporting, Cisco"
Betelhem Gebre,betelhem.gebre@example.com,(964)573-5192x6179,Bachelor's in Computer Science,13,"SPSS, NumPy, Atlas.ti, Data Analysis, Statistics"
Abebe Alemu,abebe.alemu@example.com,234.785.3478,Master's in Engineering,0,"Auditing, Qualitative Analysis, SQL, Project Management, NVivo, Accounting, Ethical Hacking, Scikit-learn, PyTorch, NumPy, Pandas"
Betelhem Gebre,betelhem.gebre@example.com,461.822.4091,Bachelor's in Computer Science,6,"Java, QuickBooks, NumPy, CSS, Financial Reporting, PyTorch, Marketing"
Henok Tesfaye,henok.tesfaye@example.com,(502)643-3270,Diploma in IT,14,"Amharic, HTML, Research, Qualtrics, Project Management, Oromo, Somali, Data Analysis, PyTorch, Content Analysis, Python, Django, Excel, Communication"
Abebe Hailu,abebe.hailu@example.com,001-492-795-2495,Diploma in IT,0,"AWS, Python, Accounting, Research, PyTorch, Pandas, Oracle, Amharic"
Betelhem Hailu,betelhem.hailu@example.com,927-903-7683x009,Bachelor's in Computer Science,8,"Research, SAP, Microsoft Office, Docker, Focus Groups, PyTorch, Amharic, Ethical Hacking, Teaching, EViews, Communication, NumPy"
Selam Gebre,selam.gebre@example.com,(924)581-8209,Bachelor's in Computer Science,11,"Afar, HTML, Survey Design, Qualitative Analysis, Machine Learning"
